Int'l Plan,VMail Plan,CustServ Calls,Day Mins,Churn
no,yes,1,265.1,FALSE
no,yes,1,161.6,FALSE
no,no,0,243.4,FALSE
yes,no,2,299.4,FALSE
yes,no,3,166.7,FALSE
yes,no,0,223.4,FALSE
no,yes,3,218.2,FALSE
yes,no,0,157,FALSE
no,no,1,184.5,FALSE
yes,yes,0,258.6,FALSE
no,no,4,129.1,TRUE
no,no,0,187.7,FALSE
no,no,1,128.8,FALSE
no,no,3,156.6,FALSE
no,no,4,120.7,FALSE
no,no,4,332.9,TRUE
no,yes,1,196.4,FALSE
no,no,3,190.7,FALSE
no,yes,1,189.7,FALSE
no,no,1,224.4,FALSE
no,no,0,155.1,FALSE
no,no,5,62.4,TRUE
no,no,0,183,FALSE
no,no,2,110.4,FALSE
no,no,0,81.1,FALSE
no,no,3,124.3,FALSE
no,yes,0,213,FALSE
no,no,3,134.3,FALSE
no,no,0,190,FALSE
no,no,1,119.3,FALSE
no,no,2,84.8,FALSE
no,no,1,226.1,FALSE
no,no,3,212,FALSE
no,no,1,249.6,TRUE
no,yes,0,176.8,FALSE
no,yes,3,220,FALSE
no,yes,0,146.3,FALSE
no,no,1,130.8,FALSE
yes,yes,3,203.9,FALSE
no,no,1,140.4,FALSE
no,no,3,126.3,FALSE
yes,yes,0,173.1,TRUE
no,no,2,124.8,FALSE
no,no,3,85.8,FALSE
no,no,1,154,FALSE
no,yes,2,120.9,FALSE
no,no,3,211.3,FALSE
no,no,2,187,FALSE
no,no,5,159.1,TRUE
no,yes,1,133.2,FALSE
no,no,3,191.9,FALSE
no,no,1,220.6,FALSE
no,no,2,186.1,FALSE
no,no,2,160.2,FALSE
no,no,5,151,TRUE
no,no,1,175.5,FALSE
no,no,1,126.9,FALSE
no,yes,3,198.4,TRUE
no,no,3,148.8,FALSE
no,no,1,229.3,FALSE
no,no,1,192.1,FALSE
no,yes,2,268.6,FALSE
no,yes,2,193.7,FALSE
no,yes,3,180.7,FALSE
no,no,2,131.2,FALSE
no,yes,2,148.1,FALSE
yes,no,0,251.5,FALSE
yes,no,0,125.2,FALSE
no,no,1,211.6,FALSE
no,no,4,178.9,TRUE
no,no,3,241.8,FALSE
no,yes,0,224.9,FALSE
no,no,3,248.6,FALSE
no,no,1,203.4,FALSE
no,no,0,235.8,FALSE
no,no,1,157.1,FALSE
no,no,0,300.3,TRUE
no,no,4,61.6,TRUE
no,no,2,214.1,FALSE
no,no,1,170.2,FALSE
no,no,1,201.1,FALSE
yes,no,3,215.4,FALSE
no,yes,3,165.6,FALSE
no,yes,1,249.5,FALSE
no,no,2,210.6,TRUE
no,yes,0,179.3,FALSE
no,no,4,157.9,TRUE
no,no,1,214.3,FALSE
no,yes,2,154.1,FALSE
no,no,1,237.9,TRUE
no,no,1,143.9,FALSE
no,no,0,203.4,TRUE
no,no,1,124.3,FALSE
no,no,3,252.9,FALSE
no,no,3,179.1,FALSE
no,no,1,278.4,FALSE
no,no,0,160.1,FALSE
no,no,4,198.2,FALSE
no,no,1,212.1,TRUE
no,no,2,251.8,TRUE
no,yes,4,161.2,FALSE
no,no,0,178.3,FALSE
no,no,0,151.7,FALSE
no,no,1,135,FALSE
no,no,1,170.5,FALSE
no,no,4,238.1,FALSE
no,yes,2,281.4,FALSE
no,yes,1,117.9,FALSE
no,yes,1,148.6,FALSE
no,no,3,229.8,FALSE
no,no,1,165,FALSE
no,no,2,185,FALSE
no,no,4,161,FALSE
no,no,1,126.7,FALSE
no,no,1,58.9,FALSE
yes,yes,0,196.8,TRUE
no,no,1,162.6,FALSE
no,no,1,282.5,TRUE
no,yes,2,113.7,FALSE
no,no,2,239.8,FALSE
no,no,1,210.2,FALSE
no,yes,0,213.8,FALSE
no,no,3,190.7,FALSE
no,no,1,170.9,FALSE
no,no,2,154.2,FALSE
no,no,1,201.4,FALSE
no,no,4,70.7,TRUE
no,yes,4,187.5,TRUE
no,no,2,91.7,FALSE
no,yes,3,214.2,FALSE
no,no,3,145.5,FALSE
no,no,1,166.3,FALSE
no,no,1,231,FALSE
no,no,4,200.3,FALSE
no,no,1,197,FALSE
yes,no,3,129.9,FALSE
no,yes,5,175.8,FALSE
no,no,3,203.1,FALSE
no,yes,1,183.2,FALSE
no,yes,2,205,FALSE
no,no,1,148.5,FALSE
no,yes,0,200.3,FALSE
no,yes,3,192.6,FALSE
no,no,1,246.5,FALSE
yes,no,2,167.1,TRUE
no,no,3,231.9,FALSE
no,no,1,146.7,FALSE
yes,no,1,271.5,FALSE
no,no,1,181.5,FALSE
no,yes,2,257.7,FALSE
no,no,1,193.8,FALSE
no,no,1,102.8,FALSE
no,no,1,187.9,FALSE
no,no,1,226,FALSE
no,no,5,260.4,FALSE
no,no,0,178.7,FALSE
no,no,0,337.4,TRUE
no,yes,0,157.6,FALSE
no,no,1,183.6,FALSE
no,yes,1,142.1,FALSE
no,no,0,136.3,FALSE
no,no,0,217.1,FALSE
no,yes,3,187.5,FALSE
no,no,1,98.9,FALSE
no,no,1,206.3,FALSE
no,yes,2,243.1,FALSE
no,yes,1,189.8,FALSE
no,no,1,202,FALSE
no,yes,1,170.1,FALSE
no,no,0,230.9,FALSE
no,no,1,237.1,FALSE
no,yes,2,182.1,FALSE
no,no,3,119.3,FALSE
no,no,1,116.8,FALSE
no,no,0,219.2,FALSE
no,no,2,252.6,FALSE
no,no,0,147.1,FALSE
no,no,2,202.1,FALSE
no,no,3,173.5,FALSE
no,no,3,232.1,FALSE
yes,yes,4,197.1,FALSE
no,no,5,58.2,TRUE
no,yes,2,115.6,FALSE
no,no,2,186.1,FALSE
yes,no,3,259.9,FALSE
no,no,1,214.3,FALSE
no,no,1,158.7,FALSE
no,no,2,271.6,FALSE
no,no,1,160.6,FALSE
no,no,1,232.4,FALSE
no,no,0,133.8,FALSE
no,no,1,176.9,FALSE
no,no,2,209.9,FALSE
no,no,0,137.5,FALSE
no,yes,1,289.5,FALSE
no,yes,1,198.1,FALSE
no,no,0,149.7,FALSE
no,no,2,326.5,TRUE
yes,yes,4,292.9,TRUE
no,no,0,83,FALSE
no,yes,3,145.7,FALSE
no,no,2,182.3,FALSE
no,no,3,218,FALSE
no,no,2,140.6,FALSE
no,no,1,152.7,FALSE
no,yes,1,106.7,FALSE
no,no,2,243.8,FALSE
no,no,3,194.4,FALSE
no,no,3,213.9,FALSE
no,no,3,217.2,FALSE
no,no,1,241.1,FALSE
yes,no,0,203.5,FALSE
no,yes,1,155.2,FALSE
no,yes,1,167.6,FALSE
yes,no,2,226.7,TRUE
no,no,3,179.3,FALSE
no,no,0,151.4,FALSE
no,no,3,180,FALSE
no,no,1,250.2,TRUE
no,no,0,223,FALSE
no,no,3,183.6,FALSE
no,yes,1,166,FALSE
no,no,1,136.1,FALSE
no,no,2,149.3,FALSE
no,no,2,65.4,FALSE
no,no,1,213.4,FALSE
no,no,3,206.9,FALSE
no,yes,2,186.2,FALSE
no,yes,4,280.2,FALSE
no,yes,0,196.6,FALSE
yes,no,0,312,TRUE
yes,yes,1,199,FALSE
no,no,3,203.1,FALSE
no,no,0,168.8,FALSE
yes,no,1,173.1,FALSE
no,no,5,134.4,TRUE
no,yes,2,202.6,FALSE
no,no,3,74.5,FALSE
no,no,0,83.6,FALSE
no,no,1,192.2,FALSE
no,no,0,220.2,FALSE
yes,no,2,135.1,TRUE
no,no,1,253.4,FALSE
no,no,3,225,FALSE
no,no,0,198.5,TRUE
no,no,0,110.3,FALSE
no,yes,0,60,FALSE
no,no,0,214.8,FALSE
no,no,4,181.8,FALSE
no,yes,2,154,FALSE
no,yes,4,157.4,TRUE
no,no,4,207.9,FALSE
no,no,3,207,FALSE
no,yes,0,119,FALSE
yes,no,0,143.7,FALSE
no,yes,4,165.9,FALSE
no,no,1,138.6,FALSE
no,no,1,84.7,FALSE
yes,no,1,62.6,TRUE
no,no,1,155.2,FALSE
no,yes,1,164.9,FALSE
no,no,1,134.5,FALSE
no,no,1,143.3,FALSE
no,no,1,168.3,FALSE
no,no,2,262.4,FALSE
no,yes,1,206.2,FALSE
no,yes,4,225.8,FALSE
no,no,3,138.3,FALSE
no,yes,0,94.4,FALSE
yes,no,2,160,FALSE
no,no,0,206.6,FALSE
no,no,1,134.7,FALSE
no,yes,3,214.4,FALSE
no,no,3,192.8,FALSE
no,yes,1,151.1,FALSE
no,no,3,221.4,FALSE
yes,no,0,218.9,FALSE
no,yes,2,189.8,TRUE
no,yes,2,192.7,FALSE
yes,no,3,204.4,FALSE
no,no,2,172.3,FALSE
no,no,2,198.4,FALSE
no,yes,1,211.7,FALSE
no,yes,1,221.6,FALSE
no,no,3,197.9,FALSE
no,yes,2,147.5,FALSE
no,no,2,206.4,FALSE
no,no,2,205.9,FALSE
no,no,0,207.6,FALSE
no,no,1,303.9,TRUE
no,yes,0,230.6,FALSE
no,no,0,99.5,FALSE
no,no,1,177.1,FALSE
no,yes,5,172.7,TRUE
no,yes,1,172.7,FALSE
no,no,1,204.2,FALSE
no,no,2,85.7,FALSE
no,no,0,157.6,FALSE
no,no,4,215.5,FALSE
no,no,1,181.5,FALSE
no,no,2,171.7,FALSE
no,no,1,266.6,TRUE
no,no,0,170.4,TRUE
no,no,1,158,FALSE
no,no,1,92,FALSE
no,no,2,234,FALSE
no,no,1,272.1,TRUE
no,no,4,296.4,TRUE
no,no,0,194.4,FALSE
no,no,3,227.2,FALSE
no,no,1,248.7,TRUE
no,yes,1,236.3,FALSE
no,no,0,205.6,FALSE
no,no,0,94.1,FALSE
no,no,0,125.2,FALSE
no,no,1,60.4,FALSE
no,yes,2,121,FALSE
no,yes,3,117.8,FALSE
no,yes,3,232.4,FALSE
yes,yes,2,223.5,TRUE
no,no,0,176.3,FALSE
no,yes,1,125.2,FALSE
no,no,0,138.7,FALSE
no,no,1,86.3,FALSE
no,no,3,207,FALSE
no,yes,0,58.8,FALSE
no,yes,1,68.7,FALSE
no,yes,1,239.2,FALSE
no,no,0,198.3,FALSE
no,no,0,205.2,FALSE
no,no,3,192.1,FALSE
no,no,1,272.6,TRUE
no,no,7,128.3,TRUE
no,no,0,169.6,FALSE
no,no,1,201.3,FALSE
no,yes,1,214.7,FALSE
no,no,0,169.2,FALSE
no,no,2,194.1,FALSE
no,no,2,233.8,FALSE
no,no,0,225.1,FALSE
no,no,1,213,TRUE
no,no,1,183.9,FALSE
no,yes,0,221.8,FALSE
no,yes,2,64.6,FALSE
no,yes,1,154.6,FALSE
no,no,3,260.2,FALSE
no,yes,1,161.6,FALSE
no,no,1,220.6,FALSE
no,yes,3,155.9,FALSE
no,no,4,107,TRUE
no,no,4,182.5,FALSE
yes,yes,4,220.1,FALSE
no,no,1,152.2,FALSE
no,no,2,181.5,FALSE
yes,no,2,236.2,TRUE
no,no,1,166.1,FALSE
yes,no,1,244.6,FALSE
no,yes,2,134.2,FALSE
yes,yes,1,149.7,FALSE
no,yes,1,150.1,FALSE
yes,no,1,257.1,TRUE
no,no,0,124.4,FALSE
no,yes,1,141.7,FALSE
no,no,2,230,FALSE
no,no,0,162.3,FALSE
no,no,1,350.8,TRUE
no,no,4,193.3,FALSE
no,no,1,78.2,FALSE
no,no,1,83.4,FALSE
no,no,0,195.6,FALSE
no,no,1,201.8,FALSE
no,no,2,197,FALSE
yes,no,0,218,TRUE
no,no,2,164.8,FALSE
no,no,2,179.2,FALSE
no,yes,0,214,FALSE
no,no,2,170.5,FALSE
no,no,1,205.7,FALSE
yes,no,1,165.5,TRUE
no,no,2,221,FALSE
no,no,3,242.1,FALSE
no,no,1,151.6,FALSE
yes,no,0,176.2,FALSE
yes,yes,1,196,FALSE
no,no,2,159.5,FALSE
no,no,4,230.2,FALSE
no,no,3,146.7,FALSE
no,no,1,210.5,FALSE
no,no,1,102,FALSE
no,no,3,126,FALSE
no,no,1,168.4,FALSE
no,no,0,105.6,FALSE
no,no,5,206.5,FALSE
no,no,2,217.1,FALSE
no,no,0,229.6,TRUE
no,yes,0,278.3,FALSE
no,no,0,138.6,FALSE
no,no,1,234.4,TRUE
no,no,1,181.5,FALSE
no,no,1,167.3,TRUE
no,yes,1,121,FALSE
no,no,0,221.1,FALSE
no,yes,1,145.8,FALSE
no,no,1,222.8,FALSE
no,no,4,183.4,FALSE
yes,no,0,264.3,FALSE
no,no,0,146,FALSE
no,no,4,157.1,TRUE
yes,no,1,127.3,FALSE
no,no,2,187.9,FALSE
no,no,2,178.8,FALSE
no,no,2,97.2,FALSE
no,no,0,259.8,FALSE
no,no,3,256.5,FALSE
no,no,0,169.5,FALSE
no,no,2,239.7,TRUE
yes,no,1,171.5,TRUE
no,no,0,239.9,FALSE
no,yes,1,142.3,FALSE
no,no,2,184.1,FALSE
no,yes,2,206.9,FALSE
no,no,1,259.9,FALSE
no,no,0,203.8,FALSE
no,yes,3,248.8,FALSE
no,yes,1,221.6,FALSE
yes,no,1,192.9,FALSE
no,no,1,122.4,FALSE
no,yes,1,104.9,FALSE
no,no,3,173.2,FALSE
no,no,2,119.4,FALSE
no,no,2,250.3,TRUE
no,no,1,178.3,FALSE
no,no,1,243.4,FALSE
no,no,2,155,FALSE
no,yes,0,288.7,FALSE
no,yes,1,240.4,FALSE
no,no,1,190.3,FALSE
no,no,0,278,TRUE
no,no,1,155,FALSE
no,no,2,153.5,FALSE
no,yes,1,273.4,FALSE
no,no,0,155.3,FALSE
no,yes,1,133.1,FALSE
no,no,1,246.8,FALSE
yes,no,2,165.4,FALSE
no,no,0,59.5,FALSE
no,no,3,138.3,FALSE
no,no,2,286.7,FALSE
no,no,1,117.3,FALSE
no,yes,4,264.3,FALSE
no,no,0,127.9,FALSE
no,yes,0,225.5,FALSE
no,no,0,149,FALSE
no,yes,1,198.9,FALSE
no,no,1,256.4,TRUE
no,no,1,264.8,TRUE
no,no,2,98.2,FALSE
no,no,2,159.8,FALSE
no,yes,3,190.6,FALSE
no,no,0,184,FALSE
no,no,1,261.8,FALSE
no,no,3,147.9,FALSE
no,yes,1,106.4,FALSE
no,no,0,133.7,FALSE
no,yes,0,193.5,FALSE
yes,no,3,178.2,TRUE
no,yes,3,226.2,TRUE
no,no,1,170.4,FALSE
no,yes,3,70.9,FALSE
no,yes,2,194.4,FALSE
no,no,1,240.3,FALSE
no,no,3,75,FALSE
no,no,1,69.1,FALSE
no,yes,4,96.6,TRUE
no,yes,0,214.6,FALSE
no,no,3,148.5,FALSE
no,no,1,258.1,FALSE
no,yes,3,149.7,FALSE
no,no,1,149.8,FALSE
no,no,2,190.4,FALSE
no,no,1,181.4,FALSE
no,no,1,151.1,FALSE
no,no,0,155.7,FALSE
no,no,2,149.9,FALSE
no,no,3,222.3,FALSE
no,yes,0,149.4,FALSE
yes,no,0,233.8,FALSE
no,no,0,204.2,FALSE
no,no,1,242.9,FALSE
no,no,1,150.4,FALSE
no,no,0,208.9,FALSE
yes,no,1,191.9,TRUE
yes,no,2,130.7,TRUE
no,yes,2,119.6,FALSE
no,no,1,273.6,FALSE
yes,no,2,156.1,FALSE
no,yes,2,178.7,FALSE
no,no,2,177.5,FALSE
yes,no,4,211.3,TRUE
no,no,1,175.2,FALSE
no,yes,3,114.3,FALSE
no,yes,1,251.4,FALSE
yes,no,1,216.9,TRUE
yes,yes,0,217.2,FALSE
no,no,0,206.3,FALSE
no,no,1,159.3,FALSE
no,yes,2,143.1,FALSE
no,no,3,154,TRUE
no,yes,1,186.6,FALSE
no,yes,5,170.8,TRUE
no,yes,1,124,FALSE
no,no,3,198.3,FALSE
no,no,2,172.8,FALSE
no,yes,0,217.4,FALSE
yes,yes,0,265.9,TRUE
no,yes,1,93.6,FALSE
no,no,2,98.2,FALSE
no,no,2,214.7,FALSE
no,no,1,168.2,FALSE
no,no,3,202.9,FALSE
no,no,1,261.4,FALSE
no,no,4,73.3,TRUE
no,yes,7,253.7,FALSE
no,no,2,45,FALSE
no,no,1,231.3,FALSE
no,no,2,47.4,FALSE
no,no,0,227.4,FALSE
no,yes,0,40.9,FALSE
no,no,2,124.8,FALSE
yes,no,0,68.5,FALSE
no,yes,2,163.5,FALSE
no,no,2,163,FALSE
no,yes,2,213.7,FALSE
no,yes,1,201.3,FALSE
no,no,4,310.4,FALSE
no,no,1,48.4,FALSE
no,yes,1,171.2,FALSE
no,yes,0,166.5,FALSE
no,no,0,216.6,FALSE
no,no,2,107.8,FALSE
no,yes,1,141.3,FALSE
no,yes,0,209.9,FALSE
yes,yes,9,237.5,TRUE
no,no,3,234.5,FALSE
no,yes,3,103.1,FALSE
no,yes,1,129.5,FALSE
yes,no,2,279.8,TRUE
yes,yes,5,136.8,TRUE
no,yes,0,100.1,FALSE
no,yes,4,237.1,FALSE
no,no,4,172.8,TRUE
no,no,2,224.5,FALSE
no,no,3,288.1,TRUE
yes,no,2,78.2,FALSE
no,no,2,148.7,FALSE
no,yes,2,194.6,FALSE
no,no,0,159.5,FALSE
no,yes,1,194.5,FALSE
no,no,2,174.1,TRUE
no,no,2,131.8,FALSE
no,no,1,160.6,FALSE
no,yes,0,146.8,FALSE
no,yes,1,200.7,FALSE
no,no,1,145.6,FALSE
no,yes,2,229.4,FALSE
no,no,3,211,FALSE
no,yes,2,121.5,FALSE
yes,no,2,216,FALSE
no,no,2,293,FALSE
yes,yes,2,221.1,TRUE
no,no,1,181.5,FALSE
no,yes,2,74.3,FALSE
yes,no,1,62.3,FALSE
no,yes,3,228.6,FALSE
no,no,2,228.1,TRUE
no,yes,1,309.9,FALSE
no,no,3,201.9,FALSE
no,no,2,149.8,FALSE
no,yes,1,183.8,FALSE
no,yes,1,186.7,FALSE
no,no,1,209.4,TRUE
no,yes,3,223.2,FALSE
no,no,1,164.2,FALSE
no,no,1,150.5,FALSE
no,no,0,234.2,TRUE
no,no,1,55.3,FALSE
yes,no,1,221.8,FALSE
no,no,1,169.6,FALSE
no,no,5,89.7,TRUE
no,yes,1,80.2,FALSE
no,no,2,218.9,FALSE
no,no,1,125.7,FALSE
no,no,2,176.3,FALSE
no,yes,2,207.2,FALSE
no,no,2,205.7,FALSE
no,yes,1,151.4,FALSE
no,no,3,157.5,FALSE
no,no,2,160.4,FALSE
no,no,1,159,FALSE
no,yes,0,214.1,FALSE
no,no,2,102.6,FALSE
yes,no,0,159.7,TRUE
no,no,1,202.8,FALSE
no,no,3,57.5,FALSE
no,no,1,169.9,FALSE
no,no,2,335.5,TRUE
no,no,0,139.5,FALSE
no,yes,1,142.3,FALSE
no,no,0,187.8,FALSE
no,no,3,146.2,FALSE
no,no,3,231.8,FALSE
no,no,1,193.7,FALSE
no,no,4,156.4,FALSE
yes,yes,1,220.7,TRUE
no,yes,2,239.8,FALSE
no,yes,1,172,FALSE
yes,yes,2,128.2,FALSE
no,no,3,130.2,FALSE
no,no,1,195.4,FALSE
yes,no,0,293.3,TRUE
no,no,1,191.3,FALSE
no,no,1,122.4,FALSE
no,yes,2,209.6,FALSE
no,no,3,215.7,FALSE
no,no,0,161.4,FALSE
no,no,3,144.2,FALSE
yes,yes,0,220.2,TRUE
no,no,4,256.2,FALSE
no,no,1,112.7,FALSE
no,no,0,299.5,TRUE
no,no,0,194.8,FALSE
no,no,0,100.8,FALSE
no,yes,3,82.5,FALSE
no,yes,2,146.4,FALSE
no,no,2,177.9,FALSE
no,yes,5,153.5,FALSE
no,no,1,150.7,FALSE
no,yes,0,180.1,FALSE
no,yes,1,265.3,FALSE
no,no,0,128.6,FALSE
no,no,2,161.5,FALSE
no,no,1,165.3,FALSE
no,no,0,195,FALSE
no,no,0,213.8,FALSE
no,yes,1,205.5,FALSE
no,yes,3,252.9,FALSE
no,yes,0,235.6,FALSE
no,no,1,192,FALSE
no,yes,0,69.1,FALSE
no,no,3,261.7,TRUE
no,no,2,235.5,FALSE
no,no,1,213.4,FALSE
no,yes,3,206.9,FALSE
no,yes,3,263.8,FALSE
no,yes,1,183.4,FALSE
no,no,5,157.6,TRUE
no,no,0,175.6,FALSE
no,no,2,242.5,FALSE
no,no,0,151,FALSE
no,no,1,138.1,FALSE
no,no,1,264.7,TRUE
no,yes,1,282.3,FALSE
no,no,0,211.2,FALSE
no,no,3,197.1,FALSE
no,no,1,205.3,FALSE
no,yes,2,181.8,FALSE
no,no,2,252,FALSE
no,no,0,193.8,FALSE
no,no,1,231.2,FALSE
no,yes,0,200.1,FALSE
no,yes,1,266.7,FALSE
no,yes,2,118.1,FALSE
no,no,0,175.3,FALSE
no,no,3,125.1,FALSE
no,no,1,176.8,FALSE
no,no,1,241.9,FALSE
no,no,0,241.2,FALSE
no,no,1,217.1,FALSE
no,no,0,195.4,FALSE
yes,no,1,222.4,TRUE
no,no,1,189.5,FALSE
no,no,0,123.1,FALSE
no,yes,3,256.7,FALSE
no,no,1,159.1,FALSE
no,no,3,100.1,FALSE
no,yes,1,30.9,FALSE
no,no,3,223.2,FALSE
no,no,1,187.4,FALSE
no,yes,3,315.6,FALSE
no,no,1,277.5,FALSE
no,no,2,189.8,FALSE
no,no,1,147.2,FALSE
no,no,4,185.8,FALSE
no,yes,3,155.4,FALSE
no,no,6,154.2,FALSE
no,no,1,97.6,FALSE
no,no,1,178.8,FALSE
no,no,0,149.3,FALSE
no,no,0,206,FALSE
no,no,0,216.8,FALSE
no,no,0,103.3,FALSE
no,no,0,139.4,FALSE
no,no,1,191.2,FALSE
no,yes,1,160,FALSE
no,no,3,221.7,FALSE
no,no,1,62.9,FALSE
no,no,1,215.6,FALSE
no,yes,3,165.3,FALSE
yes,yes,2,94.7,FALSE
no,no,2,203.2,FALSE
no,no,3,195.3,FALSE
no,no,4,143.7,FALSE
no,no,2,114.4,FALSE
no,no,2,222.8,FALSE
no,yes,2,175.9,FALSE
yes,no,1,249.9,TRUE
yes,yes,2,234.5,FALSE
no,no,1,210.7,FALSE
no,no,1,182.3,FALSE
no,no,2,190.3,FALSE
no,yes,0,177.1,FALSE
no,yes,6,87.2,TRUE
no,no,1,215.6,FALSE
no,no,3,137.4,FALSE
no,yes,1,192.8,FALSE
no,no,2,149.3,FALSE
no,no,1,143.7,FALSE
no,no,1,224.8,FALSE
no,yes,2,261.2,FALSE
no,yes,0,196.5,FALSE
no,no,3,271.2,TRUE
no,no,2,207.2,FALSE
no,no,2,300.4,FALSE
no,yes,2,229.6,FALSE
yes,yes,1,187.5,FALSE
yes,no,3,57.1,FALSE
no,no,5,162.1,TRUE
yes,no,2,145,TRUE
no,no,1,159.5,FALSE
no,no,1,190.7,FALSE
no,yes,1,230.6,FALSE
no,no,0,34,FALSE
no,yes,5,193.4,FALSE
no,no,1,202,FALSE
no,no,1,191.7,FALSE
no,yes,1,161.3,FALSE
no,no,1,150.6,FALSE
no,no,1,184.6,FALSE
no,no,1,220.7,FALSE
yes,no,1,167.3,FALSE
no,yes,3,154,FALSE
no,yes,0,121.1,FALSE
no,yes,3,182.1,FALSE
no,no,2,109.6,FALSE
no,no,1,209.9,FALSE
no,no,2,167.5,FALSE
no,no,2,213.9,FALSE
no,no,1,115.8,FALSE
no,yes,2,276.6,FALSE
no,yes,2,179.4,FALSE
no,no,1,187.3,FALSE
no,no,2,201.2,FALSE
yes,no,1,189.6,FALSE
no,yes,0,186.8,FALSE
no,yes,0,153.5,FALSE
no,no,2,187.6,FALSE
yes,no,0,230.9,TRUE
no,yes,2,244.9,FALSE
no,no,3,230.9,FALSE
no,no,1,187.1,FALSE
no,no,1,170.7,FALSE
yes,yes,5,126.9,TRUE
no,no,0,189.5,FALSE
yes,no,1,176.9,TRUE
no,no,1,161.1,FALSE
no,no,1,169.4,FALSE
no,yes,0,254.4,FALSE
yes,yes,2,127.7,FALSE
no,yes,6,170.5,FALSE
yes,no,2,219.1,FALSE
yes,no,2,273.5,FALSE
yes,no,1,161.9,FALSE
no,yes,1,241.7,FALSE
yes,no,3,62.8,FALSE
no,yes,1,281.1,FALSE
no,no,3,228.2,FALSE
no,no,0,209.8,FALSE
no,no,2,265.6,TRUE
no,no,2,214.9,FALSE
no,no,3,110.5,FALSE
yes,yes,0,281.1,FALSE
no,no,2,137.8,FALSE
yes,yes,1,271.5,TRUE
no,no,2,112.8,FALSE
no,no,1,187.3,FALSE
no,no,1,197,FALSE
no,yes,1,180.4,FALSE
yes,no,1,148.5,TRUE
no,yes,2,197.1,FALSE
no,yes,1,153.7,FALSE
no,yes,1,261.3,FALSE
no,no,1,246.2,FALSE
no,no,0,191,FALSE
no,no,1,208.3,FALSE
no,no,0,253,FALSE
no,no,0,202.3,FALSE
no,no,0,174.4,FALSE
no,yes,1,127.1,FALSE
yes,yes,0,143.5,FALSE
no,yes,1,186.9,FALSE
no,no,1,194,FALSE
no,no,0,234.8,FALSE
no,no,1,123.7,FALSE
no,no,0,173.9,FALSE
no,yes,1,130.9,FALSE
no,no,2,314.6,TRUE
no,no,1,227.9,FALSE
no,no,2,95.5,FALSE
no,no,1,185.3,FALSE
no,no,1,146.3,FALSE
no,yes,2,184,FALSE
no,no,0,105.8,FALSE
no,no,1,178,FALSE
no,yes,1,149.4,FALSE
no,no,2,209.4,FALSE
no,no,1,172.1,FALSE
yes,no,1,169.3,FALSE
no,no,0,119.1,FALSE
no,no,2,194.2,FALSE
no,no,2,198.8,FALSE
yes,no,3,167.7,TRUE
no,no,2,202.2,FALSE
no,no,2,322.5,TRUE
no,no,0,216.2,FALSE
no,no,3,76.4,FALSE
no,no,1,72.7,FALSE
no,yes,0,210.4,FALSE
yes,yes,0,127.2,FALSE
no,yes,1,201.8,FALSE
no,yes,1,219.5,FALSE
no,no,3,99.3,FALSE
no,no,5,239.2,FALSE
yes,no,2,120.9,FALSE
no,no,1,224.7,FALSE
no,yes,1,176.6,FALSE
no,yes,1,283.9,FALSE
no,no,1,180.6,TRUE
no,yes,1,125.9,FALSE
no,no,0,237.6,FALSE
no,no,2,198.4,FALSE
no,no,0,274.3,FALSE
yes,no,3,199.6,TRUE
no,no,3,217.7,FALSE
no,no,3,134.7,FALSE
no,yes,2,212.7,FALSE
no,no,2,256.3,FALSE
no,no,1,183.6,FALSE
no,no,1,176.2,FALSE
no,yes,1,205,FALSE
no,no,3,267.9,TRUE
no,no,2,179.2,FALSE
no,no,1,149.4,FALSE
no,yes,3,163.6,FALSE
no,no,1,207.6,FALSE
no,no,3,165.4,FALSE
no,no,4,209.8,FALSE
no,yes,0,220.1,FALSE
no,no,1,141.3,FALSE
no,no,0,196.5,FALSE
yes,no,2,180.9,FALSE
no,no,0,105,FALSE
no,no,4,271.4,TRUE
no,yes,1,206.7,FALSE
no,no,1,166.8,FALSE
no,no,5,204.9,FALSE
no,yes,1,154.6,FALSE
no,no,1,127,FALSE
yes,no,1,267.4,FALSE
no,no,1,281,FALSE
no,yes,4,270.8,FALSE
no,no,1,171.2,FALSE
no,no,3,124.1,FALSE
no,no,1,162.8,FALSE
no,no,1,146.3,FALSE
no,no,2,254.8,FALSE
no,yes,2,254.9,FALSE
no,yes,0,107.7,FALSE
no,no,1,158.8,FALSE
no,no,2,182.9,FALSE
no,no,0,198.5,FALSE
no,no,0,178.4,FALSE
no,no,1,110.9,FALSE
no,yes,1,166.9,TRUE
yes,no,2,244.8,FALSE
no,no,4,120.8,TRUE
no,no,2,165.3,FALSE
no,no,2,126.7,FALSE
no,yes,0,215.9,FALSE
no,no,1,140.1,FALSE
no,yes,1,209.9,FALSE
yes,yes,0,139.8,FALSE
no,no,2,321.6,TRUE
no,no,7,166.6,FALSE
no,no,0,214.2,FALSE
no,no,1,260,TRUE
no,no,4,191.9,TRUE
no,no,0,213,FALSE
no,yes,1,118.1,FALSE
no,no,6,190.2,FALSE
no,yes,0,82.2,FALSE
no,yes,0,163.8,FALSE
no,no,5,267.8,TRUE
no,no,2,159.8,FALSE
no,yes,1,214.3,FALSE
no,no,0,287.3,TRUE
no,no,2,101.2,FALSE
no,no,2,102.8,FALSE
no,no,0,109.1,FALSE
no,no,1,215.9,FALSE
no,no,1,203.4,FALSE
no,no,1,110.1,FALSE
no,no,1,111,FALSE
no,no,1,239.9,FALSE
no,no,1,144.8,FALSE
no,no,1,135.4,FALSE
no,no,1,84.2,FALSE
no,no,0,209.1,FALSE
no,yes,0,130.1,FALSE
no,yes,2,175.8,FALSE
no,no,1,241.9,FALSE
no,no,0,136.7,FALSE
no,no,1,67.7,FALSE
no,no,1,200.4,FALSE
yes,no,1,125.8,TRUE
no,no,1,128.2,FALSE
no,no,4,226.3,FALSE
no,yes,0,162.3,FALSE
no,no,2,224.4,FALSE
no,no,1,120.5,FALSE
no,no,2,91.1,FALSE
no,no,0,168.8,FALSE
no,no,2,153.5,FALSE
no,no,0,226.2,FALSE
no,no,1,191.9,FALSE
no,yes,4,167.9,TRUE
no,no,2,180,FALSE
no,no,2,257.4,TRUE
no,yes,1,174.4,FALSE
no,no,1,159.7,FALSE
no,no,1,237.2,FALSE
no,no,1,103,FALSE
no,no,4,153.8,FALSE
no,no,3,205.1,FALSE
no,yes,2,175.7,FALSE
no,no,2,155.9,FALSE
no,yes,0,154.4,FALSE
no,yes,2,209.7,FALSE
yes,no,0,150,FALSE
no,yes,3,232.4,FALSE
no,no,2,165.4,FALSE
no,no,3,199.2,FALSE
no,no,0,217.6,FALSE
no,no,3,212.1,FALSE
no,yes,1,154,FALSE
no,yes,1,193.8,FALSE
no,no,0,175.4,FALSE
no,yes,2,152,TRUE
no,no,0,230.2,FALSE
no,yes,1,174.9,TRUE
no,no,0,190.2,FALSE
no,no,1,176.4,FALSE
no,no,3,160.9,FALSE
no,no,1,228.7,FALSE
no,no,0,144,FALSE
no,yes,6,135.9,FALSE
no,no,0,334.3,TRUE
no,no,0,130.5,FALSE
no,yes,4,134.2,TRUE
no,no,4,278,TRUE
no,no,0,105.4,FALSE
no,no,3,188.9,FALSE
no,yes,1,111.8,FALSE
no,yes,1,159.1,FALSE
no,no,1,212.4,FALSE
no,no,1,142.3,FALSE
yes,no,1,346.8,TRUE
no,yes,1,113.9,FALSE
yes,yes,1,267.9,TRUE
no,no,3,171.4,FALSE
no,no,1,275.4,FALSE
no,yes,0,197.2,FALSE
no,yes,2,192.6,FALSE
no,yes,1,91.7,FALSE
no,no,0,126.3,FALSE
no,yes,3,251.5,FALSE
no,no,1,190.6,FALSE
no,no,0,116.1,FALSE
no,no,2,217.3,FALSE
no,no,0,179.4,FALSE
no,no,0,207.7,FALSE
no,no,2,277.3,TRUE
no,no,1,125.3,FALSE
no,yes,2,138.1,FALSE
no,yes,0,169.3,FALSE
no,yes,1,201.3,FALSE
yes,no,2,216.7,FALSE
no,no,2,190.4,FALSE
no,no,1,143.3,FALSE
no,yes,2,97.4,FALSE
no,no,3,181.4,FALSE
no,no,0,246.4,FALSE
no,no,2,143.4,FALSE
no,no,2,104.9,FALSE
no,no,1,156.2,FALSE
no,no,0,114.8,FALSE
no,no,0,232.5,FALSE
no,no,1,143.6,FALSE
no,no,2,176.7,FALSE
no,no,1,263.4,TRUE
no,no,1,146.4,FALSE
no,yes,2,145,FALSE
no,no,1,167.8,FALSE
no,no,0,166.9,FALSE
no,no,2,142.5,FALSE
yes,no,1,133,FALSE
no,yes,1,252.9,FALSE
no,yes,2,95,FALSE
yes,no,1,194.2,TRUE
no,no,1,222.8,FALSE
no,no,0,201.8,FALSE
no,yes,2,216,TRUE
no,no,1,146.3,FALSE
no,no,1,234.8,FALSE
no,no,2,198.6,FALSE
no,no,2,94.4,FALSE
no,no,2,190.4,FALSE
no,yes,3,142.6,FALSE
yes,no,0,134.2,FALSE
no,no,5,111.9,TRUE
no,no,2,122.8,FALSE
no,no,4,189.3,FALSE
no,yes,0,240.4,FALSE
yes,yes,0,93.5,FALSE
no,no,3,158.6,FALSE
yes,no,4,243.2,FALSE
no,no,4,176.4,FALSE
no,no,0,220.9,FALSE
no,no,0,144.4,FALSE
no,no,0,212.3,FALSE
no,no,1,147,FALSE
no,yes,2,96.2,FALSE
no,no,0,263.4,FALSE
yes,no,1,12.5,FALSE
no,no,2,162.3,FALSE
no,no,1,183.6,FALSE
no,no,1,178.1,FALSE
no,no,0,201.4,FALSE
no,yes,1,123,FALSE
no,no,0,208,FALSE
no,no,1,239.2,FALSE
no,no,1,193,FALSE
no,yes,1,174.5,FALSE
no,yes,1,116.7,FALSE
no,no,1,93.8,FALSE
yes,yes,2,154.1,FALSE
no,yes,0,239.5,FALSE
no,yes,0,216,FALSE
no,no,1,187.4,FALSE
no,no,0,167.4,FALSE
no,no,1,160.4,FALSE
no,no,1,143.2,FALSE
no,no,1,205.3,FALSE
no,yes,1,219.1,FALSE
no,no,1,143.2,FALSE
no,no,2,232.8,FALSE
no,no,0,162,FALSE
no,yes,1,25.9,FALSE
no,no,4,154.2,TRUE
no,no,0,322.3,TRUE
no,no,1,209.9,FALSE
no,no,0,191.5,FALSE
no,yes,1,291.1,FALSE
no,no,3,215.6,FALSE
yes,no,3,208.8,FALSE
no,no,3,255.9,FALSE
no,no,2,252.7,FALSE
no,no,3,132.1,FALSE
no,no,1,217,FALSE
no,yes,0,101.9,FALSE
no,no,2,211.5,FALSE
no,no,0,153.4,FALSE
no,no,2,166.3,FALSE
no,no,1,185.2,FALSE
no,no,2,104.6,FALSE
no,no,0,245.2,FALSE
no,no,1,274.4,FALSE
no,no,1,98.4,FALSE
no,yes,1,279.9,FALSE
no,no,1,187.2,FALSE
no,no,3,276.2,FALSE
no,yes,1,200.4,FALSE
no,no,2,162.3,FALSE
no,no,4,176.9,TRUE
no,no,0,165.5,FALSE
no,no,4,217.8,FALSE
no,yes,2,201.4,TRUE
no,no,3,190.5,FALSE
no,yes,3,179.9,FALSE
no,no,3,235.9,FALSE
no,no,0,140.4,FALSE
no,no,2,144.6,FALSE
no,no,0,189,FALSE
no,no,0,101,FALSE
no,no,1,206.3,FALSE
no,yes,1,165.1,FALSE
no,no,1,165,TRUE
no,no,3,155.9,FALSE
yes,no,1,199.2,FALSE
no,no,3,155.3,FALSE
no,no,3,208.3,FALSE
no,no,1,157.1,FALSE
no,no,5,154.4,TRUE
no,no,1,189.1,TRUE
no,yes,2,131.5,FALSE
no,no,1,166.4,FALSE
no,no,2,142.3,FALSE
no,yes,2,87.7,FALSE
no,yes,0,184.1,FALSE
yes,yes,2,174.5,FALSE
no,no,2,103.3,FALSE
no,no,1,35.1,FALSE
no,yes,1,246.6,FALSE
no,yes,1,78.5,FALSE
no,no,5,148.1,TRUE
no,no,1,206.2,FALSE
no,yes,2,251.6,FALSE
yes,yes,1,270.3,TRUE
no,yes,1,156.6,FALSE
no,no,1,139.4,FALSE
no,no,2,220.2,FALSE
no,yes,1,214.1,FALSE
no,no,1,196,FALSE
no,no,6,106.4,TRUE
no,yes,0,179.4,FALSE
no,no,2,216.7,FALSE
no,no,0,177.3,FALSE
no,no,1,151.6,FALSE
no,yes,0,262.2,FALSE
no,no,3,173.6,FALSE
yes,no,2,106.6,FALSE
no,no,5,193.3,TRUE
no,yes,0,217.2,FALSE
no,no,1,209.5,FALSE
no,no,1,95.4,FALSE
no,yes,1,214.6,FALSE
no,no,4,131.6,TRUE
no,no,1,168.4,FALSE
no,no,1,146.4,FALSE
yes,no,1,183,FALSE
no,no,0,103.3,FALSE
no,yes,0,112.2,FALSE
yes,no,3,170.7,FALSE
no,no,0,172.5,FALSE
no,yes,1,194.3,FALSE
no,yes,2,187.8,FALSE
yes,yes,0,307.1,FALSE
no,no,3,118.2,FALSE
no,no,1,154,FALSE
no,no,1,155.5,FALSE
yes,no,1,125.6,FALSE
no,no,0,199.3,FALSE
no,no,1,157.9,FALSE
no,no,2,203.4,FALSE
no,no,1,222.2,FALSE
no,yes,1,92.8,FALSE
no,yes,0,216.8,FALSE
no,no,4,193.2,FALSE
no,no,3,113.2,FALSE
no,yes,3,166.2,FALSE
no,yes,1,262.2,FALSE
no,no,0,207.8,FALSE
no,yes,1,245.4,FALSE
no,no,3,287.1,TRUE
no,yes,2,192.3,FALSE
no,no,2,194.2,FALSE
no,no,3,211,FALSE
no,yes,0,141.9,FALSE
no,yes,2,220.5,FALSE
no,no,1,157.4,FALSE
no,yes,0,143.5,FALSE
no,no,0,156,FALSE
yes,no,2,160.1,FALSE
yes,no,4,235.1,TRUE
yes,yes,5,160,TRUE
no,no,1,188.4,FALSE
no,no,1,194.8,FALSE
no,no,1,247.8,FALSE
no,no,4,221.2,FALSE
no,yes,2,118.5,FALSE
no,yes,1,231.8,FALSE
no,yes,1,215.9,FALSE
no,yes,2,217.1,FALSE
no,no,0,83.5,FALSE
no,yes,1,183.3,FALSE
yes,no,1,236.8,TRUE
no,no,1,193.8,FALSE
no,yes,0,134,FALSE
no,yes,2,176.6,FALSE
no,no,3,191.4,FALSE
yes,yes,0,174.8,FALSE
no,no,1,275.2,FALSE
no,no,1,174,FALSE
no,no,1,165,FALSE
no,no,1,228.7,FALSE
no,no,2,107.9,FALSE
no,no,1,221.3,FALSE
no,no,3,141.1,FALSE
no,yes,4,166.4,FALSE
no,yes,3,249.6,FALSE
no,no,1,178.6,FALSE
no,no,2,139,FALSE
no,no,2,134.3,FALSE
no,no,3,215.9,FALSE
no,yes,1,181.6,FALSE
no,no,1,178.4,FALSE
no,no,1,106.4,FALSE
no,no,2,170.7,FALSE
no,yes,0,184.5,FALSE
no,yes,1,161.2,FALSE
no,no,2,84.9,FALSE
no,no,1,217.9,FALSE
no,no,0,270.9,TRUE
no,no,0,243,TRUE
no,no,0,128.2,FALSE
no,no,2,126.3,FALSE
no,no,4,178.7,FALSE
no,no,0,159,FALSE
no,no,3,150.9,FALSE
yes,yes,3,219.9,FALSE
no,no,2,168,FALSE
no,yes,4,162.1,TRUE
no,no,5,198.8,FALSE
yes,no,3,256.8,FALSE
no,yes,1,182.8,FALSE
no,yes,1,196.8,FALSE
no,no,2,140.1,FALSE
no,no,5,194.3,FALSE
no,no,1,117.6,FALSE
yes,no,0,193.7,FALSE
no,no,2,243.1,FALSE
no,no,1,145.4,FALSE
no,no,3,169.1,FALSE
no,no,2,229.3,FALSE
yes,no,4,197.2,FALSE
no,yes,2,186.4,TRUE
no,no,0,76.1,FALSE
no,no,2,162.8,FALSE
no,no,1,182.3,FALSE
yes,no,2,194.4,FALSE
no,yes,2,189.3,FALSE
no,yes,3,160.1,FALSE
no,no,3,145,FALSE
no,no,4,220.7,FALSE
no,yes,1,224.7,TRUE
no,no,1,147,FALSE
no,yes,1,260.8,FALSE
no,no,0,155.4,FALSE
no,no,1,166.2,FALSE
no,no,0,211.8,FALSE
no,yes,4,130.5,TRUE
no,no,0,162.7,FALSE
yes,yes,1,237.1,FALSE
no,no,4,166.2,FALSE
no,no,6,121.7,TRUE
no,no,0,176.4,FALSE
no,yes,2,67.4,FALSE
no,no,1,229.7,TRUE
no,yes,1,176,FALSE
no,no,0,247.7,TRUE
no,no,2,115.4,FALSE
no,no,0,112.2,TRUE
no,no,0,162.6,FALSE
no,no,4,229.4,FALSE
no,no,2,139.6,FALSE
no,no,5,263.8,TRUE
no,yes,4,217.5,FALSE
no,yes,1,114.3,FALSE
no,no,2,196.3,FALSE
no,no,1,253.2,FALSE
no,no,0,98,FALSE
no,no,0,249.4,FALSE
no,yes,1,129.6,FALSE
no,no,0,221.3,FALSE
no,no,1,220.7,FALSE
no,no,1,87.6,FALSE
no,no,0,203.6,FALSE
no,no,2,213.6,FALSE
no,yes,2,181.6,FALSE
no,yes,1,215.4,FALSE
no,no,2,266.3,TRUE
no,no,3,199.2,FALSE
no,no,3,115,FALSE
no,no,1,270.5,TRUE
no,no,1,222.2,FALSE
no,no,3,61.9,FALSE
no,no,2,141.1,FALSE
no,no,3,189.2,TRUE
no,no,3,196,FALSE
no,no,0,171.6,FALSE
yes,no,2,174,FALSE
no,no,1,78.6,TRUE
no,no,1,200.9,FALSE
no,no,1,141.3,FALSE
no,no,2,235.8,FALSE
no,no,3,185.1,FALSE
no,no,2,254.3,FALSE
no,no,2,183,FALSE
no,yes,2,163.5,FALSE
no,no,2,207.9,FALSE
no,no,3,248.6,FALSE
no,yes,2,185.4,FALSE
no,no,1,197.8,FALSE
yes,no,2,132.1,TRUE
no,no,0,197.1,FALSE
no,no,2,154.6,FALSE
no,yes,6,153.1,TRUE
no,no,2,211.2,FALSE
no,no,2,96.8,TRUE
no,no,1,172,FALSE
no,no,2,141.1,FALSE
no,yes,2,151.1,FALSE
no,no,3,209.6,FALSE
no,yes,3,247,FALSE
no,yes,1,221.4,FALSE
no,no,1,321.3,TRUE
no,no,0,243.7,FALSE
no,no,3,251.5,FALSE
yes,no,0,236.9,TRUE
no,no,2,159.7,FALSE
yes,no,4,148.2,TRUE
no,no,1,150.9,FALSE
no,yes,1,210.5,FALSE
no,yes,2,170.9,FALSE
no,no,0,254.7,FALSE
no,no,0,284.4,TRUE
no,no,4,0,TRUE
yes,no,1,133.7,TRUE
no,no,0,224.9,FALSE
no,no,1,151.8,FALSE
no,yes,2,141.4,FALSE
no,no,0,285.7,TRUE
no,no,1,58.4,FALSE
no,yes,0,90.4,FALSE
no,no,0,114.4,FALSE
no,no,2,147.7,FALSE
no,yes,3,302.7,FALSE
no,no,1,136.1,FALSE
no,no,3,169.7,FALSE
no,no,0,227.2,FALSE
no,no,1,217.8,TRUE
no,no,2,124.2,FALSE
no,no,1,206.2,FALSE
no,no,3,132.9,FALSE
no,yes,3,104.9,FALSE
no,no,1,245,TRUE
no,no,1,184.5,FALSE
no,no,3,89.5,FALSE
yes,no,1,235.6,FALSE
no,no,4,186,FALSE
no,no,1,223.9,FALSE
no,no,1,179.5,FALSE
no,no,1,169.4,FALSE
no,no,1,118.1,FALSE
no,no,4,112,TRUE
no,yes,0,168.4,FALSE
no,yes,0,214.3,FALSE
no,no,4,245.7,TRUE
no,yes,1,156.6,FALSE
yes,yes,1,142.8,FALSE
no,no,3,202.4,FALSE
no,no,1,116.8,FALSE
no,no,1,155.7,FALSE
no,yes,2,236.1,FALSE
no,yes,2,138.1,FALSE
no,no,3,51.9,FALSE
no,no,0,81.3,FALSE
no,yes,0,171.5,FALSE
no,no,1,126,FALSE
yes,no,4,197.2,FALSE
no,no,1,194.1,FALSE
no,no,1,115.7,FALSE
no,yes,3,157.2,FALSE
no,no,3,269.7,TRUE
no,no,0,246.4,FALSE
no,no,1,227.4,FALSE
no,no,0,189.8,FALSE
yes,yes,4,188.9,FALSE
no,no,1,0,FALSE
no,yes,1,110.5,FALSE
no,no,4,167.6,FALSE
no,no,3,132,FALSE
no,no,0,167.8,FALSE
no,no,1,213.4,FALSE
no,no,0,175.4,FALSE
no,yes,3,82.6,FALSE
no,no,4,143.2,TRUE
no,no,1,125.5,FALSE
no,yes,6,82.3,TRUE
no,no,1,165.6,FALSE
no,yes,0,183.1,FALSE
no,no,1,162.1,FALSE
no,no,1,166.6,FALSE
no,yes,1,135.9,FALSE
no,yes,0,165.7,FALSE
no,no,1,176.1,FALSE
no,no,0,142.3,FALSE
no,no,3,177.6,FALSE
no,no,1,83.2,FALSE
yes,yes,2,235,FALSE
no,no,2,105.7,FALSE
yes,no,3,149.4,TRUE
no,yes,0,264.7,FALSE
no,yes,1,160.3,FALSE
yes,yes,1,95.9,FALSE
no,no,0,140.7,FALSE
no,no,2,119.7,FALSE
no,yes,2,99.9,FALSE
no,no,2,250.9,FALSE
yes,no,2,200.6,FALSE
no,yes,1,209.8,FALSE
no,yes,1,198,FALSE
no,no,1,239.8,FALSE
no,no,0,164.5,FALSE
no,no,1,220.9,FALSE
no,yes,2,112.8,FALSE
yes,yes,0,112.6,TRUE
no,yes,1,226.4,FALSE
yes,yes,4,244.9,FALSE
no,no,2,203.2,FALSE
no,no,0,136.7,FALSE
no,no,1,152.6,FALSE
no,yes,1,274.9,FALSE
no,no,1,195.7,TRUE
yes,no,1,204.3,FALSE
no,no,3,222.3,FALSE
no,yes,1,222.5,FALSE
no,yes,2,128.8,FALSE
no,no,0,174.3,FALSE
no,no,4,242.5,FALSE
no,no,4,221.6,FALSE
no,no,0,114.3,FALSE
no,yes,2,219.7,FALSE
no,no,2,144.9,FALSE
no,yes,2,236.5,FALSE
no,yes,2,174,TRUE
no,no,1,109.5,FALSE
no,yes,1,81.6,FALSE
no,no,1,133.4,FALSE
no,no,1,137.1,FALSE
no,no,0,197,FALSE
no,no,3,198.1,FALSE
no,no,0,39.5,FALSE
no,no,2,199.5,FALSE
no,no,1,156.8,FALSE
no,no,3,183.4,FALSE
no,no,1,132.4,FALSE
no,no,0,63.2,FALSE
yes,yes,0,181.1,TRUE
no,yes,3,117.5,FALSE
no,yes,0,218.7,FALSE
no,yes,1,207.3,FALSE
no,no,0,150.6,FALSE
yes,no,1,273.3,TRUE
yes,no,1,266.1,FALSE
no,no,0,112.8,FALSE
no,no,3,104.7,FALSE
no,yes,0,193.8,FALSE
no,no,1,168.6,FALSE
no,no,2,253.2,FALSE
no,yes,1,174.7,FALSE
no,no,0,87,FALSE
no,yes,2,204.5,FALSE
no,no,3,226.5,FALSE
yes,no,1,234.1,FALSE
yes,no,3,133.3,TRUE
no,no,1,133.9,FALSE
no,no,0,160.2,FALSE
no,yes,0,230.6,FALSE
no,no,2,227.4,FALSE
no,no,2,72.8,FALSE
no,no,1,196.1,FALSE
no,no,1,197.1,FALSE
no,no,1,219.6,FALSE
no,yes,4,153.4,TRUE
no,no,2,216,FALSE
no,yes,0,222.9,FALSE
no,yes,3,115.9,FALSE
no,no,1,189.8,FALSE
no,no,0,154.7,FALSE
no,no,3,136.4,FALSE
no,no,1,170.5,FALSE
no,no,0,272.4,FALSE
no,yes,8,210,FALSE
yes,yes,2,236.5,FALSE
no,no,2,153.9,FALSE
no,no,1,223,FALSE
no,no,2,252.4,FALSE
no,no,1,197.9,FALSE
no,no,3,152.4,FALSE
no,yes,3,237.4,FALSE
no,no,1,265.6,FALSE
no,no,1,197.3,FALSE
no,yes,1,199.1,FALSE
no,no,2,233.7,FALSE
no,no,1,183.1,FALSE
no,no,2,139.4,FALSE
no,no,1,213.9,TRUE
no,no,1,207.1,FALSE
no,no,2,139.7,FALSE
no,no,2,177.2,FALSE
no,yes,2,169.8,FALSE
no,no,3,173.5,FALSE
no,no,1,159.9,FALSE
no,no,2,115.1,FALSE
no,yes,2,136.8,FALSE
no,no,1,92.2,FALSE
no,yes,2,243.9,FALSE
no,no,0,117.1,FALSE
no,no,0,223.3,TRUE
no,no,3,154.8,FALSE
no,no,1,261.4,TRUE
yes,no,4,46.5,TRUE
no,yes,0,149.9,TRUE
yes,no,2,242.2,TRUE
no,no,1,259.4,TRUE
no,no,2,222.4,FALSE
no,no,0,69.4,FALSE
yes,yes,4,156.5,TRUE
no,no,5,61.2,TRUE
yes,no,0,245.2,FALSE
no,no,3,102.3,FALSE
no,yes,3,230.9,FALSE
yes,no,0,227.4,FALSE
no,no,1,192.8,FALSE
no,no,1,162.6,FALSE
no,yes,2,219.4,FALSE
no,no,1,137.2,FALSE
no,no,1,87.7,FALSE
no,no,1,271.1,FALSE
no,no,1,103.4,FALSE
no,no,2,52.2,FALSE
no,no,0,165.4,TRUE
no,no,2,147.5,FALSE
no,no,0,217.8,FALSE
no,no,1,235.7,FALSE
no,yes,2,204.5,FALSE
no,no,0,178.4,FALSE
no,yes,2,130.1,FALSE
no,yes,2,103.7,FALSE
no,no,2,239.9,FALSE
no,no,0,148.4,FALSE
no,no,2,148.6,FALSE
no,no,0,191.1,FALSE
no,yes,1,218.5,FALSE
no,no,1,97.5,FALSE
no,no,0,128.7,FALSE
no,yes,2,236.6,FALSE
no,no,0,85.9,FALSE
no,yes,1,141.2,FALSE
no,yes,0,194.4,FALSE
no,no,2,167.6,FALSE
no,no,1,234.5,FALSE
no,no,1,154.2,FALSE
no,yes,1,143.2,FALSE
yes,yes,1,216.4,FALSE
no,yes,1,161.9,FALSE
no,no,3,118.7,FALSE
no,no,1,179.1,FALSE
no,no,2,147.9,FALSE
no,yes,2,209.2,FALSE
no,yes,0,244.3,FALSE
no,yes,1,175.3,FALSE
no,no,1,150.5,FALSE
no,yes,0,197.4,FALSE
no,no,1,163.5,FALSE
no,no,2,236.9,TRUE
no,no,1,82.3,FALSE
no,no,1,216,FALSE
yes,no,1,180,FALSE
no,no,1,143.7,FALSE
no,yes,1,198.2,FALSE
no,yes,2,185.6,FALSE
no,no,3,137.6,FALSE
yes,no,1,273.9,TRUE
no,yes,3,125.3,FALSE
no,no,3,178.8,FALSE
no,yes,0,214.9,FALSE
no,no,2,163,FALSE
no,yes,2,163.8,FALSE
no,no,1,189.5,FALSE
no,yes,0,155.2,FALSE
yes,no,0,242.3,TRUE
yes,yes,3,254.1,FALSE
no,yes,2,112,FALSE
no,no,3,115.5,FALSE
no,no,1,137.1,FALSE
no,no,0,198.4,FALSE
no,yes,3,132.7,FALSE
no,yes,2,219.6,FALSE
no,no,0,169.6,FALSE
yes,no,4,160.4,FALSE
no,yes,0,95,FALSE
no,no,2,160.1,FALSE
no,no,3,194.6,FALSE
no,no,1,236.4,TRUE
no,no,2,157.1,FALSE
no,no,0,179.8,FALSE
yes,no,0,148.2,FALSE
no,yes,1,183.2,FALSE
no,no,4,119.2,TRUE
no,yes,0,224,FALSE
no,yes,0,19.5,FALSE
no,no,1,184.8,FALSE
no,no,1,176.3,FALSE
no,no,2,241.7,FALSE
no,yes,0,224.7,FALSE
no,no,1,207.3,FALSE
no,no,2,196.8,FALSE
no,no,1,110.9,FALSE
no,no,2,122.5,FALSE
no,no,2,226.9,FALSE
no,no,2,187,FALSE
no,no,0,170.5,FALSE
no,no,0,204.8,FALSE
no,no,2,165.9,FALSE
no,no,4,154,TRUE
no,yes,1,158.1,FALSE
no,no,2,225.2,FALSE
no,no,6,159.4,TRUE
no,no,2,172.7,FALSE
no,no,3,222.8,FALSE
yes,no,1,214.1,FALSE
no,no,1,54.8,FALSE
no,no,3,134,FALSE
no,no,1,184.8,FALSE
no,yes,3,283.1,FALSE
no,no,0,291.8,TRUE
no,no,1,222.7,FALSE
no,no,0,174.5,FALSE
no,no,0,68.4,FALSE
no,yes,1,273,FALSE
yes,no,1,225.3,TRUE
no,yes,1,283.2,FALSE
yes,no,1,131.4,TRUE
no,yes,1,89.7,FALSE
no,no,3,127.1,FALSE
no,yes,1,105.9,FALSE
no,no,2,142.3,FALSE
no,no,2,191.3,FALSE
no,yes,0,201.9,FALSE
no,no,3,247.3,FALSE
no,yes,1,242.2,FALSE
yes,no,5,127.3,TRUE
no,no,1,162,FALSE
no,yes,2,179.1,FALSE
no,yes,3,197.4,FALSE
no,no,2,148.2,FALSE
no,no,0,193.1,FALSE
no,no,1,171.7,FALSE
no,yes,1,198.5,FALSE
no,yes,1,121.7,FALSE
no,no,2,130.2,FALSE
no,no,2,203.4,FALSE
no,no,5,174.7,FALSE
yes,no,1,241,TRUE
no,no,0,141.7,FALSE
no,no,2,134.8,FALSE
no,no,1,163.1,FALSE
no,no,1,145.5,FALSE
no,no,0,329.8,TRUE
no,no,2,194.5,FALSE
no,no,1,131.9,FALSE
no,yes,1,150,FALSE
no,yes,2,196.6,FALSE
no,no,2,99.7,FALSE
no,no,3,143.6,FALSE
no,yes,2,231.9,FALSE
no,no,3,37.8,FALSE
no,no,3,72.8,FALSE
no,yes,1,94.8,FALSE
no,yes,1,221.8,FALSE
no,no,2,269,TRUE
no,no,1,268.3,TRUE
no,yes,1,198.7,FALSE
no,no,7,115.5,TRUE
no,no,2,202.1,FALSE
no,no,1,215.6,FALSE
no,no,1,169.9,FALSE
no,no,0,201.7,FALSE
no,no,4,221.1,FALSE
no,yes,2,218.7,FALSE
no,no,2,293.7,TRUE
no,no,4,120.3,TRUE
no,yes,2,175.8,FALSE
no,no,1,278.5,TRUE
no,yes,3,236.3,FALSE
no,no,1,273.8,FALSE
no,no,5,131.1,TRUE
no,yes,4,167.4,FALSE
no,no,3,197.7,FALSE
no,no,2,169.5,FALSE
yes,yes,0,225.2,FALSE
no,no,4,174.5,FALSE
no,no,5,129.7,TRUE
no,no,3,200,FALSE
no,yes,0,95.9,FALSE
no,yes,1,152.8,FALSE
no,no,1,129.9,FALSE
yes,no,2,268.4,TRUE
no,no,2,188.5,FALSE
no,no,1,170.6,FALSE
no,no,1,191.4,FALSE
no,no,1,75.3,FALSE
no,no,2,149.8,FALSE
no,no,1,115.9,FALSE
no,no,2,128.8,FALSE
no,no,1,131.7,FALSE
no,no,1,101.4,FALSE
no,yes,4,149,FALSE
no,yes,2,96.8,FALSE
no,no,2,107.5,FALSE
no,no,0,232.8,TRUE
no,yes,3,121.1,FALSE
no,no,0,124.3,FALSE
no,no,1,157.7,FALSE
no,no,0,124.3,FALSE
no,no,1,286.4,TRUE
no,no,0,141.7,FALSE
no,yes,0,173,FALSE
no,no,2,268.7,TRUE
no,yes,0,218.5,FALSE
no,no,3,255.3,FALSE
no,no,1,41.9,FALSE
no,no,1,260.8,FALSE
no,yes,0,239.4,FALSE
no,no,0,226.7,FALSE
no,no,1,179.3,TRUE
no,no,1,158,FALSE
no,yes,1,175.7,FALSE
no,no,3,157.4,FALSE
no,no,1,113.1,TRUE
no,no,1,182.7,FALSE
yes,no,0,161.3,TRUE
no,no,2,142.5,FALSE
yes,no,2,190.5,TRUE
yes,yes,1,159.3,FALSE
yes,yes,1,153.8,FALSE
yes,no,2,180.7,FALSE
no,no,0,202.7,FALSE
no,yes,0,190.8,FALSE
no,no,2,205.1,FALSE
no,yes,1,235.6,FALSE
no,no,0,189.3,FALSE
no,yes,1,166.9,FALSE
no,no,0,245.2,TRUE
no,no,4,132.6,TRUE
no,no,2,182.3,FALSE
no,yes,2,192.3,FALSE
yes,no,2,122,TRUE
no,no,2,193,FALSE
no,no,0,158.6,FALSE
no,yes,2,91.5,FALSE
no,no,1,153.6,FALSE
yes,yes,1,221.6,FALSE
no,no,1,244.7,FALSE
no,yes,0,239.8,FALSE
no,no,0,172.4,FALSE
no,no,3,242.5,TRUE
no,yes,2,117.6,FALSE
no,no,1,174.5,FALSE
no,no,1,157.3,FALSE
no,yes,1,192,FALSE
no,no,1,218.2,FALSE
no,yes,1,144.6,FALSE
yes,no,0,153.6,TRUE
no,yes,2,135.8,FALSE
no,no,0,160.7,FALSE
no,yes,1,202.5,FALSE
no,yes,1,152.2,FALSE
no,no,0,227.4,FALSE
no,no,2,191.6,FALSE
no,no,1,138.9,FALSE
no,no,0,127,FALSE
no,no,1,168.6,FALSE
no,no,1,286.6,TRUE
no,yes,1,164.6,FALSE
no,no,1,144,FALSE
no,yes,0,141.6,FALSE
no,no,1,204.3,FALSE
no,no,1,163.2,FALSE
no,no,0,225,FALSE
no,no,2,176.1,FALSE
no,yes,5,254.2,FALSE
no,no,1,174.9,FALSE
yes,no,0,187.3,TRUE
no,no,3,211.8,FALSE
no,no,0,241.9,FALSE
no,no,3,196.1,FALSE
no,no,3,231.3,FALSE
no,no,1,161.6,FALSE
no,no,0,194,FALSE
no,no,3,109.7,FALSE
yes,no,1,277,FALSE
no,no,0,192.1,FALSE
no,no,0,198.4,FALSE
no,yes,0,209.2,FALSE
no,no,2,184.8,FALSE
no,no,2,167.8,FALSE
no,no,3,139.2,FALSE
no,yes,0,221.3,FALSE
no,no,1,121.6,FALSE
no,yes,1,270.4,FALSE
no,no,2,139.6,FALSE
no,yes,2,253,FALSE
no,yes,1,183.9,FALSE
no,no,3,203.3,FALSE
no,no,3,200.6,FALSE
no,no,2,167.6,FALSE
no,no,2,156.5,FALSE
no,yes,1,215.1,FALSE
no,no,1,301.7,FALSE
no,yes,7,152.3,FALSE
no,no,1,195.4,FALSE
no,no,2,208.7,FALSE
no,yes,0,190.1,FALSE
no,yes,4,185.4,FALSE
no,yes,0,183.2,FALSE
yes,no,1,54.2,TRUE
no,yes,1,208,FALSE
no,no,1,230.3,FALSE
no,yes,2,240.8,FALSE
no,yes,2,195.7,FALSE
no,no,0,276.1,TRUE
no,no,2,166.1,FALSE
no,yes,4,135.9,TRUE
yes,no,2,189.1,TRUE
no,yes,1,177.9,FALSE
no,yes,2,143.9,FALSE
yes,no,2,148.2,FALSE
no,no,2,287.1,TRUE
no,yes,1,179.7,TRUE
no,no,5,165.8,TRUE
no,yes,1,144.1,FALSE
no,no,0,172.5,FALSE
no,no,1,199.8,FALSE
no,no,2,109.1,FALSE
no,no,1,171.8,FALSE
no,no,1,222.3,TRUE
no,no,0,245.8,FALSE
no,no,0,164.6,FALSE
no,no,0,211.7,FALSE
yes,yes,0,147.2,TRUE
yes,no,0,254.7,TRUE
yes,no,1,170.1,FALSE
no,no,0,195.1,FALSE
no,no,7,149.3,TRUE
no,no,2,81.9,TRUE
yes,yes,0,191.1,FALSE
no,no,3,206.9,FALSE
no,no,1,239,TRUE
no,no,0,179.3,FALSE
no,no,0,185.3,FALSE
yes,no,2,141.4,FALSE
no,yes,1,248.6,FALSE
no,no,2,152.5,FALSE
no,no,1,145.6,FALSE
no,no,1,164.2,FALSE
yes,no,1,221,FALSE
no,no,1,295.4,TRUE
no,no,2,139.8,FALSE
no,no,4,162.3,TRUE
no,no,0,272.7,TRUE
yes,yes,2,200.3,FALSE
no,yes,1,157.1,FALSE
yes,yes,2,135.8,FALSE
no,no,1,236.7,FALSE
no,no,3,111.4,FALSE
yes,yes,0,156.1,TRUE
no,no,2,191.1,FALSE
no,no,1,153,TRUE
no,no,4,218.8,FALSE
no,no,3,205.4,FALSE
yes,no,0,225.2,TRUE
no,no,2,249.9,TRUE
no,no,3,131.6,FALSE
no,yes,0,197.9,FALSE
no,no,1,166.5,FALSE
no,yes,1,225.4,FALSE
no,no,2,275.8,TRUE
no,yes,1,142.9,FALSE
no,no,1,207.2,FALSE
no,no,1,206.2,FALSE
no,no,1,210.3,FALSE
yes,yes,1,225.7,TRUE
no,yes,4,167.8,TRUE
no,no,2,197.7,FALSE
no,yes,1,169.8,FALSE
no,yes,2,190.6,FALSE
no,yes,2,80.3,FALSE
no,yes,0,231.7,FALSE
no,no,0,69.1,FALSE
no,no,4,188.8,FALSE
no,no,8,150.6,TRUE
no,no,2,192,FALSE
no,yes,3,163.7,FALSE
no,no,1,211.7,FALSE
no,no,1,175.5,FALSE
no,no,2,150.1,FALSE
no,no,1,189.5,FALSE
no,no,6,70.8,TRUE
no,no,1,215.5,FALSE
no,no,3,101.7,FALSE
no,no,4,258.4,FALSE
no,no,1,242.4,FALSE
no,no,1,131.8,FALSE
no,no,2,190.2,FALSE
no,no,2,154.1,FALSE
no,no,3,188,FALSE
no,no,1,103.1,FALSE
no,no,0,175.4,FALSE
no,no,1,145.4,FALSE
yes,no,1,250.6,FALSE
no,no,1,161.5,FALSE
no,no,1,260.1,TRUE
no,no,0,281.3,TRUE
yes,yes,3,130.1,TRUE
no,no,2,102,FALSE
no,yes,1,218.7,FALSE
no,yes,1,128.5,FALSE
no,no,2,128.7,TRUE
no,no,1,172.2,FALSE
no,no,1,199.2,FALSE
no,no,2,184.5,FALSE
no,no,0,168.6,FALSE
no,yes,1,174,FALSE
no,no,1,230.4,FALSE
no,no,1,198.2,FALSE
no,no,0,186.1,FALSE
no,no,1,148.5,FALSE
no,no,0,157.1,FALSE
no,no,4,155,TRUE
yes,yes,1,129.3,FALSE
no,no,1,188.5,FALSE
no,no,0,208.8,FALSE
no,no,0,238,TRUE
no,no,0,211.1,FALSE
no,yes,3,198.9,FALSE
no,no,1,212.8,FALSE
no,no,3,137.4,FALSE
no,yes,2,191.8,FALSE
no,no,0,149,FALSE
no,no,3,117.1,FALSE
no,no,3,108,FALSE
no,no,0,112.8,FALSE
no,no,1,175.9,FALSE
no,no,1,236.6,TRUE
no,no,1,169.4,FALSE
no,no,3,129.6,FALSE
no,no,1,177.1,FALSE
no,yes,1,133.3,FALSE
no,no,5,167.8,FALSE
no,yes,1,174.6,FALSE
no,no,2,150.3,FALSE
no,yes,5,283.2,FALSE
no,yes,5,157.8,TRUE
no,no,2,141.2,FALSE
no,yes,1,230.2,FALSE
yes,no,2,237.8,TRUE
yes,no,3,204,TRUE
no,no,1,221.1,FALSE
no,no,4,177.2,FALSE
no,no,1,118,FALSE
no,no,0,163.8,FALSE
no,yes,3,141.3,FALSE
no,no,3,272.5,TRUE
no,yes,2,118.9,FALSE
no,no,0,7.9,FALSE
no,no,0,159.5,FALSE
no,no,1,150.2,FALSE
no,yes,2,144.5,FALSE
no,no,2,140.7,FALSE
no,no,1,169.2,FALSE
no,no,2,220.8,FALSE
no,no,0,216.3,FALSE
no,no,0,169.5,FALSE
no,yes,1,256.3,FALSE
no,no,1,179.7,FALSE
no,no,3,266,FALSE
no,no,2,96.7,FALSE
no,no,0,82.7,FALSE
no,no,3,168.2,FALSE
no,no,1,286.4,TRUE
no,no,3,174.3,FALSE
yes,no,1,190.6,FALSE
no,no,4,175.5,FALSE
no,no,1,133.4,FALSE
no,yes,3,204.6,FALSE
no,no,3,242.2,FALSE
no,yes,3,253.1,FALSE
no,no,0,130,FALSE
no,no,0,105.9,FALSE
no,no,3,194.2,FALSE
no,no,1,183.8,FALSE
no,no,2,196.5,FALSE
no,no,3,184.5,FALSE
no,no,0,261.9,FALSE
no,no,3,202.4,FALSE
no,yes,3,167.4,FALSE
no,yes,1,167.7,FALSE
no,yes,1,191.7,FALSE
no,no,2,240.2,FALSE
no,yes,1,189.1,FALSE
no,no,1,127.7,FALSE
no,no,1,205.2,FALSE
no,yes,2,153.6,FALSE
no,no,2,154.5,FALSE
no,no,1,153.7,FALSE
yes,yes,1,171.2,FALSE
no,no,1,328.1,TRUE
yes,no,0,145.9,TRUE
no,yes,1,201.2,FALSE
no,no,5,139.1,FALSE
no,no,2,118.9,FALSE
no,no,2,217.6,TRUE
no,no,1,145,FALSE
no,no,3,203.5,FALSE
no,no,3,240.1,FALSE
no,no,1,83.8,FALSE
no,no,1,269.8,TRUE
no,yes,1,126.3,FALSE
no,yes,2,88.1,FALSE
no,yes,2,218.5,FALSE
no,yes,1,236.8,FALSE
no,no,3,124.1,FALSE
yes,yes,0,184.2,FALSE
no,no,4,222.7,FALSE
no,no,1,149.2,FALSE
no,no,3,206.5,FALSE
no,yes,3,159.7,FALSE
no,yes,2,204.7,FALSE
no,no,1,213.2,FALSE
yes,no,1,269.6,FALSE
no,no,2,116.7,FALSE
no,no,0,263.4,FALSE
no,no,1,140.2,FALSE
no,no,1,197.7,FALSE
no,no,3,136.2,FALSE
no,yes,2,88.5,FALSE
no,no,0,215.3,FALSE
no,no,3,269.2,TRUE
no,yes,0,203.8,FALSE
no,yes,0,268.4,FALSE
no,no,1,159.1,FALSE
no,no,2,114.4,FALSE
no,no,2,138.9,FALSE
no,no,1,186,FALSE
no,yes,0,170.4,FALSE
no,no,4,164.5,FALSE
no,no,1,168.6,FALSE
no,no,0,261.2,TRUE
no,no,1,190.5,FALSE
no,no,2,181.1,FALSE
no,no,3,177.1,FALSE
no,no,1,160.5,FALSE
no,no,2,134.7,FALSE
no,yes,2,198.2,FALSE
yes,no,4,228.9,TRUE
no,no,0,241.7,FALSE
no,no,1,131.1,FALSE
no,no,2,234.1,FALSE
no,no,0,200.1,FALSE
no,no,1,154,FALSE
no,yes,0,224.2,FALSE
no,no,3,148.3,FALSE
no,yes,2,174.6,FALSE
no,no,1,138.5,FALSE
no,no,1,109,FALSE
no,no,4,162.3,FALSE
no,no,2,210.8,FALSE
no,no,1,142.4,FALSE
no,yes,2,223.5,FALSE
no,no,2,182.5,FALSE
no,no,2,219.6,FALSE
no,no,0,193.6,FALSE
no,no,0,192.4,FALSE
no,no,0,236.2,FALSE
no,yes,0,233.2,FALSE
no,no,2,158.8,FALSE
no,no,1,126.1,FALSE
no,no,3,290.4,TRUE
no,yes,0,60.6,FALSE
no,no,0,148.4,FALSE
no,no,2,246.5,FALSE
no,no,2,298.1,TRUE
no,no,2,119.3,FALSE
no,no,0,242.5,FALSE
yes,yes,0,222.1,TRUE
no,no,2,236.2,TRUE
no,no,0,144.2,FALSE
no,yes,3,154.6,FALSE
no,yes,2,137.4,FALSE
no,no,0,103.7,FALSE
no,no,4,136.6,TRUE
no,no,2,289.8,TRUE
no,no,3,260.9,FALSE
yes,no,0,196.2,TRUE
no,no,1,195.6,FALSE
no,no,4,222.2,FALSE
yes,no,0,172.9,TRUE
no,no,0,249.8,TRUE
no,no,1,154.5,FALSE
no,no,1,90.4,FALSE
no,yes,0,268.8,FALSE
no,no,1,106.1,FALSE
no,no,3,27,FALSE
no,yes,1,140.1,FALSE
no,no,1,245,FALSE
no,no,3,196.7,FALSE
no,yes,2,131.2,FALSE
no,yes,2,149.6,FALSE
no,no,1,239.8,FALSE
no,yes,1,142.1,FALSE
no,no,3,115.4,FALSE
no,yes,2,193,FALSE
no,no,1,206.1,FALSE
no,no,0,160.3,FALSE
no,no,1,199.9,FALSE
no,no,0,213.1,FALSE
no,no,3,178.3,FALSE
yes,no,3,252.3,TRUE
no,no,4,197.7,FALSE
no,yes,2,111.1,FALSE
no,no,1,96.5,TRUE
no,no,3,156.9,FALSE
no,no,1,123.3,FALSE
no,no,1,193.7,FALSE
yes,no,0,206.9,FALSE
no,no,3,249.8,TRUE
no,no,1,144,FALSE
no,yes,0,299.5,FALSE
no,no,2,226,TRUE
no,no,2,137.6,FALSE
yes,yes,1,211.7,FALSE
no,no,2,89.7,FALSE
yes,no,2,197.6,FALSE
no,no,2,270,TRUE
no,no,3,224.7,FALSE
no,no,2,194.3,FALSE
yes,no,0,47.7,TRUE
no,no,1,190.1,FALSE
yes,no,1,89.5,TRUE
no,no,0,182.6,FALSE
no,yes,1,205.5,FALSE
no,no,1,231.5,FALSE
yes,no,3,251.3,TRUE
no,no,2,171.2,FALSE
no,no,2,197.9,FALSE
no,no,1,134.8,FALSE
no,no,1,191.4,FALSE
no,no,0,174.5,FALSE
no,no,0,177.4,FALSE
no,no,1,182.1,FALSE
no,no,0,222.4,FALSE
yes,no,0,47.8,TRUE
no,no,1,121.8,FALSE
no,no,3,143.5,FALSE
no,no,2,164.9,FALSE
no,no,2,193.6,FALSE
no,no,0,101.1,FALSE
no,yes,2,92.3,FALSE
no,no,2,168.9,FALSE
no,yes,1,219.2,FALSE
no,yes,0,178.1,FALSE
no,no,3,146.5,FALSE
no,yes,1,172.3,FALSE
no,no,1,190.9,FALSE
no,no,3,232.1,TRUE
no,no,4,169.2,TRUE
no,no,2,123.8,FALSE
no,no,3,96,FALSE
no,yes,1,93.4,FALSE
no,no,1,90.6,FALSE
no,no,2,152.9,FALSE
no,no,2,257.9,FALSE
yes,yes,2,85.2,FALSE
no,yes,1,160,FALSE
no,yes,0,182.9,FALSE
no,no,2,216.2,FALSE
no,no,0,261.7,FALSE
no,no,2,241.2,FALSE
no,no,1,177.2,FALSE
no,no,2,89.5,FALSE
yes,yes,1,200.3,FALSE
yes,no,4,145,TRUE
no,no,2,159.5,FALSE
no,no,3,151.8,FALSE
no,no,1,176.2,FALSE
no,no,0,152.1,FALSE
no,no,1,161.3,FALSE
yes,no,3,171.7,FALSE
no,no,0,278.9,TRUE
no,yes,4,213,FALSE
no,yes,1,242.9,FALSE
no,no,0,217.2,TRUE
no,no,1,175.9,FALSE
no,no,0,303.2,TRUE
no,no,2,238.9,FALSE
no,yes,2,189.6,FALSE
no,no,5,133.3,TRUE
no,yes,3,92.7,FALSE
no,no,3,177.2,FALSE
no,no,2,184.5,FALSE
no,yes,0,176.1,FALSE
no,no,6,204.7,FALSE
no,no,2,143.6,FALSE
no,no,1,179.3,FALSE
no,no,1,137.3,FALSE
no,no,2,237.8,FALSE
no,no,2,203.7,FALSE
no,yes,2,191.3,FALSE
yes,no,2,209.1,FALSE
no,yes,3,88.8,FALSE
no,no,0,97.2,FALSE
no,no,1,137.9,FALSE
no,no,2,224.3,FALSE
no,yes,1,207.6,FALSE
no,no,2,268.1,FALSE
no,no,4,166.7,TRUE
no,no,1,267.1,TRUE
no,no,2,181.8,FALSE
no,no,0,147.1,FALSE
no,yes,1,37.7,FALSE
no,no,2,185,FALSE
no,no,2,156.4,FALSE
no,no,1,239.3,FALSE
no,yes,2,215.5,FALSE
no,no,1,134.9,FALSE
no,no,0,194.8,FALSE
no,yes,5,239.1,FALSE
no,no,3,92.6,FALSE
no,no,1,209.4,FALSE
no,no,1,197.6,FALSE
no,no,1,17.6,FALSE
yes,no,1,62.9,FALSE
no,yes,1,202.3,FALSE
no,no,0,136.1,FALSE
no,no,1,207,FALSE
no,yes,1,207.9,FALSE
yes,no,1,276.5,TRUE
no,yes,3,313.8,FALSE
yes,yes,1,288.5,FALSE
no,no,4,210.9,FALSE
no,yes,1,64.9,FALSE
no,yes,1,243.5,FALSE
no,no,3,197,FALSE
no,yes,0,278,FALSE
no,yes,1,219.9,FALSE
no,no,2,313.2,TRUE
no,yes,0,145.7,FALSE
no,yes,0,75.8,FALSE
no,no,3,195.9,FALSE
no,no,1,132,FALSE
no,no,2,124,FALSE
no,no,2,171.9,FALSE
no,yes,4,249.4,FALSE
yes,no,0,228.4,FALSE
no,no,3,168.6,FALSE
no,no,0,123.7,FALSE
no,no,1,178.7,FALSE
no,no,1,113.2,FALSE
no,yes,2,142.4,FALSE
no,yes,0,204.2,FALSE
no,no,3,149.7,FALSE
no,no,5,227.1,TRUE
no,no,2,155.3,FALSE
no,no,1,156.4,FALSE
no,yes,0,148.7,FALSE
no,no,3,271.7,FALSE
no,no,0,193.7,FALSE
yes,yes,1,245.5,FALSE
no,no,3,245.3,TRUE
no,no,0,196.1,FALSE
no,no,2,134.1,FALSE
yes,yes,1,225,FALSE
no,no,0,189.7,FALSE
no,no,0,142.9,FALSE
no,no,1,175.6,FALSE
no,no,2,92.4,FALSE
no,no,1,92.8,FALSE
no,yes,0,221.7,FALSE
no,no,0,159.6,FALSE
no,no,2,144.5,FALSE
no,no,2,159.1,FALSE
no,no,2,49.9,FALSE
no,yes,0,116.9,FALSE
no,no,3,150,FALSE
no,no,1,254.4,FALSE
no,yes,3,270.7,FALSE
no,no,1,207,FALSE
yes,no,0,145.3,FALSE
no,yes,3,230.7,FALSE
no,no,1,151.5,FALSE
no,no,0,146.1,FALSE
no,no,3,256,FALSE
no,yes,3,200.2,FALSE
no,no,2,150.7,FALSE
yes,no,1,186,FALSE
no,no,3,212.9,FALSE
no,no,0,194.8,FALSE
no,yes,3,272.5,FALSE
no,no,1,135.1,FALSE
no,no,1,154.6,FALSE
no,yes,5,230.5,FALSE
no,no,1,165.4,FALSE
no,no,4,143.3,TRUE
no,no,2,271.1,TRUE
no,no,0,253.5,FALSE
no,no,6,167.1,TRUE
no,no,1,168.3,FALSE
no,no,1,104.7,FALSE
no,no,1,135.4,FALSE
no,yes,1,191.4,FALSE
no,no,1,158.7,FALSE
no,no,2,144.8,FALSE
no,no,3,98.8,FALSE
yes,no,3,157.8,TRUE
no,yes,1,163,FALSE
no,no,4,181.6,FALSE
no,no,2,129,FALSE
no,no,1,86,FALSE
no,yes,0,193.9,FALSE
no,no,0,109.4,FALSE
no,no,2,188.9,FALSE
yes,no,1,179.9,TRUE
no,no,1,183.4,FALSE
no,no,0,288.1,FALSE
no,no,2,169.2,FALSE
yes,yes,1,195.5,TRUE
no,yes,2,264.4,FALSE
no,no,0,207.7,FALSE
no,no,0,169.5,FALSE
no,no,2,141.5,FALSE
no,no,0,154.8,FALSE
yes,no,1,133.5,FALSE
no,no,2,273.2,TRUE
no,no,2,224.6,FALSE
no,no,2,273.8,TRUE
no,no,1,159.5,TRUE
no,no,0,104,FALSE
no,yes,1,115.4,FALSE
no,no,2,222.1,FALSE
no,no,3,116.4,FALSE
no,no,3,217.7,FALSE
no,no,0,129.4,FALSE
no,yes,0,161.8,FALSE
no,yes,1,198.8,FALSE
no,yes,1,147.8,FALSE
no,no,3,262.3,FALSE
no,no,1,246.4,FALSE
no,no,4,174.3,TRUE
no,no,4,183.4,FALSE
no,no,1,191.9,FALSE
no,no,2,187.8,FALSE
no,no,0,259.7,FALSE
yes,no,0,180.4,FALSE
no,no,2,51.8,FALSE
no,no,1,303.9,TRUE
no,yes,1,123.7,TRUE
no,no,3,206.2,FALSE
no,no,2,164.3,FALSE
no,no,9,228.6,TRUE
no,yes,1,200.4,FALSE
no,no,0,154.3,FALSE
no,yes,2,122.9,FALSE
yes,no,0,220.8,FALSE
no,no,0,214.6,FALSE
yes,no,2,202,TRUE
no,yes,6,209.5,TRUE
no,no,1,297.9,TRUE
no,no,0,212.8,TRUE
no,no,0,145.6,FALSE
no,yes,2,152.9,FALSE
no,no,1,125.4,FALSE
no,yes,0,138.3,FALSE
no,no,3,189.3,FALSE
no,no,4,199.3,FALSE
yes,no,2,247.5,FALSE
no,no,1,294.9,TRUE
no,no,1,175.4,FALSE
no,no,1,179.4,FALSE
yes,yes,0,126.8,FALSE
yes,no,1,239.7,TRUE
no,yes,5,143,TRUE
no,no,2,91.9,FALSE
no,no,1,210.4,FALSE
no,yes,1,201.3,TRUE
no,no,2,145.6,FALSE
yes,yes,1,203.5,TRUE
no,no,1,232.4,FALSE
no,yes,2,86.5,FALSE
no,no,0,109.9,FALSE
no,no,1,156,FALSE
no,no,1,326.3,TRUE
no,no,0,195,FALSE
yes,no,0,110,FALSE
no,no,5,147.1,TRUE
no,no,2,156,FALSE
no,no,2,98.2,FALSE
no,no,0,210.6,FALSE
no,no,2,239.9,TRUE
yes,no,2,159.9,TRUE
no,no,4,197.8,TRUE
no,yes,2,115.4,FALSE
no,no,0,123.8,FALSE
no,yes,1,117.6,FALSE
no,yes,2,105.3,FALSE
no,no,1,111.7,FALSE
no,no,2,159.3,FALSE
no,no,6,81.7,TRUE
no,yes,2,238,FALSE
no,yes,0,128.1,FALSE
no,yes,1,171.2,FALSE
no,no,4,109,TRUE
no,no,2,220,FALSE
no,no,0,55.6,FALSE
no,yes,1,286.6,FALSE
no,no,1,207.6,FALSE
no,yes,4,109.6,TRUE
no,no,2,197.2,FALSE
no,no,1,175.7,FALSE
no,no,0,205.2,FALSE
no,yes,1,193.1,FALSE
no,yes,3,232.6,FALSE
no,no,0,102.7,FALSE
no,yes,5,263.1,FALSE
no,no,1,197,FALSE
no,no,2,169.3,FALSE
no,no,1,201.5,FALSE
no,no,3,251,FALSE
no,no,3,230.4,FALSE
no,no,1,109.8,FALSE
no,no,2,279.5,TRUE
no,no,1,173.4,FALSE
no,yes,1,214.4,FALSE
no,no,1,96.1,FALSE
no,no,1,101.4,FALSE
no,no,4,232.5,FALSE
no,yes,1,174.5,FALSE
no,yes,1,224,FALSE
no,no,4,211.1,FALSE
no,no,2,109.2,FALSE
no,no,0,220,FALSE
no,no,2,181.4,FALSE
no,yes,2,180.7,FALSE
no,yes,1,96.5,FALSE
no,no,3,183.5,FALSE
no,yes,0,107.9,FALSE
yes,no,1,161,FALSE
yes,yes,1,146.8,TRUE
no,no,3,149.2,FALSE
no,no,3,227.8,FALSE
no,yes,0,160.3,FALSE
no,no,1,137.8,TRUE
no,yes,0,141.7,FALSE
no,yes,0,196.4,FALSE
no,no,1,175.2,FALSE
no,no,1,146.8,FALSE
no,no,1,173.9,FALSE
no,yes,1,305.2,FALSE
yes,yes,3,162.3,TRUE
yes,no,3,150,FALSE
no,no,1,197.5,FALSE
no,no,2,240.2,FALSE
no,yes,2,186.2,FALSE
no,yes,0,116.9,FALSE
no,yes,1,236.7,FALSE
no,no,0,173.2,FALSE
no,no,0,152.2,FALSE
no,no,0,181.3,FALSE
no,no,4,167.8,TRUE
no,no,1,175.4,FALSE
no,no,2,87.6,FALSE
no,no,0,203.3,FALSE
no,no,5,92.6,TRUE
no,yes,1,262.9,FALSE
no,no,1,160.8,FALSE
no,yes,1,141.8,FALSE
no,yes,2,50.6,FALSE
no,no,1,134.9,FALSE
no,no,1,252.1,FALSE
no,yes,1,215.5,FALSE
no,no,0,124.8,FALSE
no,no,2,178.7,FALSE
no,no,2,183.2,FALSE
no,no,1,167.5,FALSE
no,no,3,147.1,FALSE
no,no,1,230.1,FALSE
no,no,0,135.8,FALSE
no,yes,2,205.7,FALSE
no,no,2,73.8,FALSE
no,no,2,189.3,FALSE
no,no,3,147.2,FALSE
no,yes,0,137.3,FALSE
no,no,2,70.7,FALSE
no,no,0,204.6,FALSE
no,no,5,123.1,TRUE
no,yes,2,129.7,FALSE
yes,no,0,198.7,FALSE
no,no,2,145.1,FALSE
no,no,2,135.2,FALSE
no,yes,1,124.7,FALSE
no,no,1,215.9,FALSE
no,no,2,119.2,FALSE
no,no,3,144.3,FALSE
no,no,1,235.2,FALSE
no,no,0,174,FALSE
yes,no,0,115,TRUE
no,no,2,151.7,FALSE
no,no,3,153.1,FALSE
no,no,2,218.6,FALSE
no,no,2,265.2,FALSE
no,no,1,143.3,FALSE
no,no,2,190.3,FALSE
no,no,2,184.7,TRUE
no,no,1,115.3,FALSE
no,no,2,113,TRUE
no,no,0,294.2,TRUE
no,no,3,215.6,FALSE
no,no,1,128.8,FALSE
yes,yes,3,211.2,TRUE
no,yes,1,71.2,FALSE
no,no,2,94.9,FALSE
no,no,1,259.4,TRUE
no,yes,1,215.8,FALSE
no,no,3,97.5,FALSE
no,no,0,146.5,FALSE
no,no,2,157.9,FALSE
no,no,2,139.9,FALSE
no,yes,1,153.2,FALSE
yes,no,2,103.5,FALSE
no,no,1,185.8,FALSE
no,no,1,129.5,FALSE
no,no,1,236.6,FALSE
no,no,6,260.4,FALSE
no,no,2,167.3,FALSE
no,no,2,182.2,FALSE
no,no,2,113,FALSE
no,no,0,185.7,FALSE
no,no,0,136.2,FALSE
no,yes,1,222.6,FALSE
no,no,1,197.3,FALSE
no,yes,1,141.4,FALSE
no,no,1,208,FALSE
no,no,1,118.5,FALSE
no,no,1,153.2,FALSE
no,no,0,108.3,FALSE
no,no,2,168.6,FALSE
no,no,2,247.2,TRUE
yes,no,3,224.2,FALSE
no,no,3,166.9,FALSE
no,yes,1,118.4,FALSE
no,no,2,190.9,FALSE
no,no,1,317.8,TRUE
no,no,1,312,TRUE
no,no,1,146,FALSE
no,no,1,131.6,TRUE
no,yes,2,193.4,FALSE
no,no,2,185.1,FALSE
no,no,0,193.3,FALSE
no,no,1,146.4,FALSE
no,no,0,71.2,FALSE
no,no,4,123.2,TRUE
no,no,2,205,FALSE
no,no,1,128.7,FALSE
no,no,3,216.9,FALSE
no,no,3,150,FALSE
no,no,1,164.1,FALSE
no,no,3,212,FALSE
no,yes,2,167.3,FALSE
no,no,1,154.4,FALSE
no,yes,3,177.3,FALSE
no,no,1,231.2,TRUE
no,no,5,202.9,FALSE
no,no,0,149.6,FALSE
yes,no,1,345.3,TRUE
no,no,1,264.9,TRUE
no,no,1,122,FALSE
no,no,2,177.2,FALSE
no,no,1,133.1,FALSE
no,no,0,225.1,TRUE
no,no,1,208.4,FALSE
no,yes,1,173.1,FALSE
yes,no,2,162.4,TRUE
no,yes,2,281.2,FALSE
no,no,3,208.3,FALSE
no,yes,2,243.4,FALSE
no,no,1,224.2,TRUE
no,no,3,189.3,FALSE
no,yes,4,168.3,FALSE
no,yes,1,232.9,FALSE
no,yes,1,155,FALSE
no,no,0,154.4,FALSE
no,no,2,234.7,FALSE
no,no,1,240,FALSE
yes,no,0,298.4,TRUE
no,no,1,166,FALSE
no,yes,0,111.6,FALSE
no,no,2,174.5,FALSE
yes,yes,1,175.5,FALSE
yes,yes,3,157.5,TRUE
no,no,1,206.2,FALSE
no,yes,4,207.5,FALSE
no,yes,4,144.8,FALSE
no,no,2,258.8,FALSE
no,no,0,226.9,TRUE
no,no,2,152.9,FALSE
no,yes,2,156.7,FALSE
no,no,1,150.8,FALSE
no,no,4,221,FALSE
no,yes,1,322.4,TRUE
no,no,2,153.6,FALSE
no,yes,2,215.1,FALSE
no,yes,1,174.4,FALSE
no,no,0,180.5,FALSE
no,no,2,123.1,FALSE
no,no,1,165.7,FALSE
no,no,2,200.2,FALSE
no,no,3,154.8,FALSE
no,no,2,125.4,FALSE
no,yes,1,184.2,FALSE
no,yes,3,274.7,FALSE
yes,yes,1,142,FALSE
yes,yes,1,151.5,FALSE
no,no,3,124.8,FALSE
no,no,0,179.2,FALSE
yes,no,2,246.4,TRUE
no,no,5,232.7,FALSE
no,no,0,288,TRUE
no,yes,1,170.8,FALSE
no,no,1,216.1,FALSE
no,no,2,138.7,FALSE
no,no,3,210.7,FALSE
no,no,0,181.8,FALSE
no,yes,1,61.6,FALSE
no,no,1,207.7,FALSE
no,no,1,219.2,FALSE
no,no,2,227,FALSE
no,no,3,245.9,FALSE
no,no,0,257.3,FALSE
no,no,2,121.1,FALSE
no,no,4,301.5,TRUE
no,no,0,233.9,FALSE
yes,no,2,99.6,TRUE
no,no,2,169.8,FALSE
yes,yes,1,198.8,TRUE
yes,no,3,116.2,FALSE
yes,no,1,255.9,TRUE
no,yes,3,187.7,FALSE
no,yes,0,195.9,FALSE
no,no,2,129.4,FALSE
no,yes,2,221,FALSE
no,no,2,140.5,FALSE
yes,no,0,277.9,TRUE
no,no,3,224.9,TRUE
no,no,0,109.1,FALSE
no,no,0,207.8,FALSE
no,no,0,205.9,FALSE
no,no,4,308.6,TRUE
no,no,2,242.6,FALSE
no,no,1,229.6,FALSE
no,yes,2,166,FALSE
no,no,0,144.8,TRUE
yes,no,0,106.1,FALSE
no,no,1,221.8,FALSE
no,no,2,204.6,FALSE
no,no,3,213.5,FALSE
no,yes,2,152,FALSE
yes,yes,1,260.8,TRUE
no,no,1,166.4,FALSE
no,no,0,177.9,FALSE
no,no,3,235.1,FALSE
no,no,2,186.8,FALSE
yes,no,1,268.4,FALSE
no,no,3,192.1,FALSE
no,no,0,240.7,TRUE
no,no,2,179.9,FALSE
no,no,3,314.1,TRUE
no,yes,0,162,FALSE
no,no,1,175.8,FALSE
no,no,0,109.4,FALSE
no,no,3,255.1,TRUE
yes,no,3,208.7,FALSE
no,yes,1,214.6,FALSE
no,no,1,49.2,FALSE
no,no,2,141.3,FALSE
no,no,4,253.2,FALSE
no,no,0,206,FALSE
no,no,2,40.4,FALSE
no,no,1,291.2,TRUE
no,yes,0,71.2,FALSE
no,no,0,261.8,TRUE
no,no,1,191.3,FALSE
no,no,0,133.3,FALSE
no,yes,2,183.6,FALSE
no,yes,1,155.2,FALSE
no,yes,1,283.1,FALSE
no,yes,2,186.5,FALSE
no,yes,0,163.3,FALSE
no,no,1,203.4,FALSE
no,yes,1,178.1,FALSE
no,no,1,195.9,FALSE
no,no,1,295.3,FALSE
no,no,2,136.1,FALSE
no,yes,2,114.1,FALSE
no,no,2,279.1,TRUE
no,no,0,169.3,FALSE
no,no,2,214.4,FALSE
yes,no,0,255.8,FALSE
no,no,2,148.2,FALSE
no,no,2,119.3,FALSE
no,yes,1,192.3,FALSE
no,no,0,245.2,TRUE
yes,no,5,216.2,TRUE
no,no,2,172.4,FALSE
yes,yes,1,175.3,FALSE
yes,yes,0,169,TRUE
no,yes,3,2.6,FALSE
no,no,1,184.1,FALSE
no,no,1,181.9,FALSE
no,yes,0,160.1,FALSE
no,no,0,189.8,FALSE
no,no,1,223.2,FALSE
no,yes,2,216,FALSE
no,no,2,198.5,FALSE
no,no,1,159.5,FALSE
no,yes,2,105,TRUE
no,no,3,204.5,FALSE
no,no,0,274,TRUE
no,no,2,158.7,FALSE
no,no,1,229.9,FALSE
no,no,1,137.8,FALSE
no,no,0,179.4,FALSE
no,yes,3,139.3,FALSE
no,no,2,7.8,FALSE
no,yes,1,183.1,FALSE
no,no,0,206.9,FALSE
no,no,2,140,FALSE
no,no,2,179.2,FALSE
no,no,0,177.4,FALSE
no,no,1,115.6,FALSE
yes,no,0,237.3,TRUE
no,no,1,181.5,FALSE
no,no,3,51.5,FALSE
no,yes,3,155.7,FALSE
no,yes,2,245,FALSE
no,no,1,131.7,FALSE
yes,no,1,111.1,FALSE
no,yes,3,88.5,FALSE
no,yes,1,116,FALSE
no,no,1,155.5,FALSE
no,yes,2,106.5,FALSE
no,yes,1,175.2,FALSE
no,no,4,154.7,TRUE
no,yes,2,247.2,TRUE
yes,yes,0,218.4,TRUE
no,yes,1,227.5,FALSE
no,yes,0,185,FALSE
no,no,2,186.8,FALSE
no,no,1,158.8,FALSE
no,no,0,208.7,FALSE
no,no,3,185.9,FALSE
no,no,2,222.5,FALSE
no,no,3,201.1,FALSE
no,yes,1,167.9,FALSE
no,no,3,239.1,TRUE
no,no,5,175.7,TRUE
no,yes,6,111.2,TRUE
no,no,1,87.7,FALSE
no,no,0,244.1,FALSE
no,yes,2,165,FALSE
no,yes,0,127.4,FALSE
no,no,0,194.8,FALSE
no,no,1,54.7,FALSE
no,yes,2,283.4,FALSE
yes,no,0,258,TRUE
no,no,1,90.5,FALSE
no,no,0,235.6,FALSE
no,no,2,142.5,FALSE
no,no,1,54,FALSE
no,no,3,214.8,FALSE
yes,no,0,251.4,TRUE
no,no,4,139,FALSE
no,no,2,117.3,FALSE
no,no,3,264,FALSE
no,no,1,82.6,FALSE
yes,yes,1,175.8,FALSE
no,no,2,220.4,FALSE
no,no,2,217,FALSE
no,yes,1,129,FALSE
no,no,1,150.5,FALSE
no,yes,0,193.3,FALSE
no,no,2,189.5,FALSE
no,yes,2,137.8,FALSE
no,no,3,129.3,FALSE
no,no,1,115.6,FALSE
no,yes,2,221.9,FALSE
no,no,1,263.7,TRUE
no,no,1,61.3,FALSE
yes,no,1,183.8,FALSE
no,no,0,167.4,TRUE
no,yes,4,154.1,FALSE
no,no,0,252,FALSE
yes,no,0,163.1,FALSE
no,no,2,198.3,FALSE
no,no,0,324.7,TRUE
no,no,2,128.3,FALSE
no,no,2,187.9,FALSE
no,no,5,129.2,TRUE
yes,no,4,125.5,TRUE
no,yes,1,257.2,FALSE
no,no,1,124.6,FALSE
no,no,1,175.1,FALSE
no,no,3,124.3,FALSE
no,no,2,271.6,FALSE
no,no,1,219.9,FALSE
no,yes,3,183.3,FALSE
no,no,2,101.1,FALSE
no,no,1,203.3,FALSE
no,yes,2,175.4,FALSE
no,no,2,266,TRUE
no,yes,0,171.6,FALSE
no,no,0,78.7,FALSE
no,yes,0,211.9,FALSE
no,no,1,63.7,FALSE
no,no,1,173.4,FALSE
yes,no,0,237.7,FALSE
no,no,1,225.9,FALSE
yes,yes,0,173,FALSE
no,no,0,224.9,FALSE
no,no,1,237.7,FALSE
no,no,2,137,FALSE
no,no,2,142.5,FALSE
no,no,1,142.4,FALSE
no,yes,2,147,FALSE
no,no,1,220.3,FALSE
no,no,1,149.2,FALSE
no,no,0,204.4,FALSE
no,no,1,216.8,FALSE
no,yes,1,308,FALSE
no,no,0,58,FALSE
no,no,2,173.2,FALSE
no,yes,4,210.3,FALSE
no,yes,0,58.9,FALSE
no,no,3,236.8,FALSE
no,no,0,228.9,FALSE
no,yes,2,90,TRUE
no,no,2,146.7,FALSE
no,no,1,237.3,FALSE
yes,no,0,162.8,TRUE
no,yes,1,186.9,FALSE
no,no,2,86.1,FALSE
no,no,2,212.3,FALSE
no,no,2,151,FALSE
no,no,2,158.6,FALSE
no,no,0,296,TRUE
no,yes,3,212.3,FALSE
no,no,3,234.4,FALSE
no,no,2,176.8,FALSE
no,yes,0,157.3,FALSE
no,yes,1,146.6,FALSE
no,no,1,260.5,FALSE
no,yes,1,146.1,FALSE
yes,no,2,124.5,TRUE
no,no,1,209.4,FALSE
no,no,1,285.7,TRUE
no,no,1,190.9,FALSE
no,no,1,144.4,FALSE
no,yes,2,208.8,FALSE
no,yes,1,77.6,FALSE
no,no,1,271.1,TRUE
no,no,0,240.8,FALSE
no,no,0,114.8,FALSE
no,yes,1,138.8,FALSE
no,yes,0,209.8,FALSE
no,no,3,134.9,FALSE
yes,no,0,164,FALSE
no,no,1,245.5,FALSE
no,yes,0,80.3,FALSE
no,no,2,90.7,FALSE
no,yes,1,190.3,FALSE
no,no,1,108.6,TRUE
no,yes,4,89.8,TRUE
no,yes,2,252.4,FALSE
no,yes,5,183.4,FALSE
yes,no,2,183.4,FALSE
no,no,3,155.2,FALSE
no,yes,1,165.8,FALSE
no,no,0,209.4,FALSE
no,no,2,279.3,TRUE
no,no,2,174.1,FALSE
no,no,2,175.7,FALSE
yes,no,1,256.5,FALSE
no,no,0,170.2,FALSE
no,no,1,139.6,FALSE
no,yes,4,208.8,FALSE
no,no,4,210.1,FALSE
no,no,2,113.6,FALSE
no,no,0,202.6,FALSE
no,no,4,174.4,FALSE
no,no,0,210.6,FALSE
no,no,1,121.5,FALSE
no,no,2,127.8,FALSE
no,no,2,135.2,FALSE
no,no,2,99.4,FALSE
no,no,1,276.9,TRUE
no,no,2,163.4,TRUE
no,no,4,287.4,TRUE
no,yes,1,120.5,FALSE
no,no,2,184.1,FALSE
no,no,3,185,FALSE
no,no,1,160.9,FALSE
no,no,2,207.6,FALSE
no,no,1,209.2,FALSE
yes,no,1,158.4,FALSE
no,no,2,149,TRUE
no,no,0,204.5,FALSE
no,no,0,288.8,TRUE
no,yes,0,108.6,FALSE
no,no,1,97.5,FALSE
no,no,0,166.5,FALSE
no,no,1,156.2,FALSE
no,yes,4,225.2,FALSE
yes,no,1,287.4,TRUE
no,yes,0,175.3,FALSE
no,no,0,102.1,FALSE
no,no,0,157.9,FALSE
no,yes,1,146.5,FALSE
no,no,1,245.8,TRUE
yes,no,1,177.7,FALSE
yes,no,2,250.8,FALSE
no,no,0,117.8,TRUE
no,no,2,119.7,FALSE
no,no,5,242.2,TRUE
no,no,7,163.4,FALSE
no,no,3,161,FALSE
no,no,1,128.7,FALSE
no,no,1,81.6,FALSE
no,yes,1,207.7,FALSE
no,no,6,128.6,TRUE
no,no,1,233.3,FALSE
no,no,5,182.1,TRUE
no,yes,6,168,TRUE
no,no,1,251.6,FALSE
no,yes,0,183.8,FALSE
no,no,3,256.4,TRUE
no,no,1,180.2,FALSE
no,no,1,227.8,FALSE
no,yes,0,147.8,FALSE
no,no,1,234.9,TRUE
no,no,2,110.9,FALSE
no,yes,1,124.5,FALSE
yes,no,0,233.5,TRUE
no,yes,2,197.3,TRUE
no,no,0,58.2,FALSE
no,no,1,212.7,FALSE
no,no,0,151.5,FALSE
yes,no,1,146.3,FALSE
no,no,0,195.1,FALSE
no,no,1,208.9,FALSE
no,no,7,135.7,TRUE
no,no,3,225.9,TRUE
no,no,1,122.2,FALSE
no,no,2,153.3,FALSE
no,no,1,214,FALSE
no,no,1,194.8,FALSE
no,no,3,206.7,FALSE
no,yes,2,188,FALSE
yes,no,3,122.3,TRUE
no,no,3,259.3,FALSE
yes,no,2,115.1,TRUE
no,yes,1,172.9,FALSE
yes,no,1,156.4,FALSE
no,yes,1,128.1,FALSE
no,no,1,196.6,FALSE
no,no,1,227.9,TRUE
no,yes,2,194.9,FALSE
no,yes,1,44.9,FALSE
no,yes,0,262.8,FALSE
no,no,0,211.2,FALSE
no,no,1,204,FALSE
no,no,3,223.2,FALSE
no,no,1,119,FALSE
no,no,3,266.1,TRUE
no,no,1,134.4,FALSE
no,no,1,171.1,FALSE
no,no,2,170.5,FALSE
no,no,1,178.5,FALSE
no,no,3,205.2,FALSE
no,yes,0,232.8,FALSE
no,yes,5,239.9,FALSE
no,no,2,55.6,FALSE
no,yes,1,153.5,FALSE
no,no,1,109.8,FALSE
no,no,2,196.1,FALSE
no,no,0,166.8,FALSE
no,yes,2,113.2,FALSE
no,no,1,203,FALSE
no,no,5,242.8,FALSE
no,no,2,156.5,FALSE
no,no,3,266.7,TRUE
no,yes,1,182,FALSE
no,no,0,85.9,FALSE
no,yes,0,146.6,FALSE
no,yes,4,110.5,TRUE
no,no,1,118.6,FALSE
no,yes,2,197.6,FALSE
no,yes,6,210.3,FALSE
no,yes,4,220.3,FALSE
no,no,1,150,FALSE
no,yes,0,161.7,FALSE
no,no,3,191.4,FALSE
yes,no,3,146.7,FALSE
no,no,1,109.4,FALSE
no,no,1,144.1,FALSE
no,yes,1,248.9,FALSE
no,no,4,85.7,TRUE
no,no,3,214.8,FALSE
no,no,0,158.9,FALSE
no,yes,2,110,FALSE
no,no,1,152.8,FALSE
no,no,0,145.6,FALSE
no,no,0,93.3,FALSE
no,no,0,216.8,FALSE
no,no,1,201.9,FALSE
no,no,1,146.4,FALSE
no,no,2,272.7,TRUE
no,no,1,18.9,FALSE
no,no,2,172.8,FALSE
no,no,0,190.2,FALSE
no,no,3,130.6,FALSE
no,no,4,158.4,TRUE
no,no,1,166.5,FALSE
no,no,2,129.3,FALSE
no,no,0,199.3,FALSE
no,no,0,185.1,FALSE
no,no,2,175.4,FALSE
no,no,2,263.4,FALSE
no,no,1,94.2,FALSE
no,no,3,189.4,FALSE
no,yes,2,118,FALSE
no,no,3,212.1,FALSE
no,no,2,222,FALSE
no,yes,0,222.8,FALSE
no,yes,1,190,FALSE
no,no,4,271.8,TRUE
no,yes,3,195.4,FALSE
no,no,3,199.6,FALSE
no,no,0,100,FALSE
no,yes,2,160.6,FALSE
no,yes,1,158.7,FALSE
no,no,3,154.5,TRUE
no,yes,1,192.3,FALSE
no,no,0,305.1,TRUE
no,yes,2,193,FALSE
no,no,1,72.5,FALSE
no,yes,2,105.2,FALSE
no,no,2,180.5,FALSE
no,yes,0,214.7,FALSE
no,no,1,86.8,FALSE
no,no,5,131.5,TRUE
no,no,0,135.4,FALSE
no,no,6,174.3,FALSE
no,no,3,203.9,FALSE
no,no,0,235.5,FALSE
no,no,2,157,FALSE
yes,no,3,111.9,FALSE
yes,no,3,236.3,FALSE
no,no,0,163.6,FALSE
no,yes,1,213.6,FALSE
no,yes,3,143.4,FALSE
no,no,1,78.3,FALSE
no,no,1,97.1,FALSE
no,no,0,94.1,FALSE
no,no,2,226.3,TRUE
no,no,1,133.8,FALSE
no,yes,1,190.3,FALSE
no,yes,3,294.9,FALSE
no,no,2,185.4,FALSE
no,no,0,179.5,FALSE
no,no,0,158,FALSE
no,no,0,173,FALSE
no,yes,1,134.2,FALSE
no,yes,3,125.2,FALSE
no,no,2,195.9,FALSE
no,yes,0,214.2,FALSE
no,no,0,221.1,FALSE
no,yes,1,132,FALSE
no,no,1,157.6,FALSE
no,yes,2,110.3,FALSE
yes,no,0,161.5,FALSE
no,yes,1,171.8,FALSE
no,yes,1,211,FALSE
no,no,7,139.3,TRUE
no,no,2,291.6,TRUE
no,no,0,139,FALSE
no,no,4,234.8,FALSE
no,no,1,187.6,FALSE
no,no,2,159.8,FALSE
no,yes,1,177.1,FALSE
no,no,0,117.9,FALSE
no,yes,2,247.6,FALSE
no,no,1,169.9,FALSE
no,no,3,185,FALSE
no,yes,0,204.9,FALSE
no,yes,3,225.5,FALSE
no,no,4,169.7,TRUE
no,no,0,239.3,FALSE
no,no,4,113.3,TRUE
no,no,3,161.9,FALSE
no,yes,2,133.3,FALSE
no,yes,3,170.7,FALSE
no,no,5,189.7,FALSE
no,no,2,322.3,TRUE
no,no,2,124.4,FALSE
no,no,3,146.9,FALSE
no,no,1,192.6,FALSE
no,yes,1,96.3,FALSE
no,no,3,131.9,FALSE
no,no,2,147.2,FALSE
no,no,2,143.1,FALSE
no,no,5,280.4,FALSE
no,yes,1,237.2,FALSE
no,no,2,184.2,FALSE
no,no,3,109.1,FALSE
no,no,5,138.1,TRUE
no,no,3,186.8,FALSE
no,no,1,155.4,FALSE
no,no,4,245.3,FALSE
yes,no,0,205.9,TRUE
no,no,1,207.2,FALSE
no,yes,2,151.5,FALSE
no,no,0,221.9,TRUE
no,no,1,190,FALSE
no,no,2,220.8,FALSE
no,yes,2,173.7,FALSE
no,no,2,114.8,FALSE
no,no,3,113.8,FALSE
yes,no,4,143.2,TRUE
no,no,3,184.4,FALSE
no,no,1,227.4,FALSE
no,no,0,224,FALSE
no,no,2,216.2,FALSE
no,no,0,129.9,FALSE
no,yes,2,230.1,FALSE
no,no,1,204.4,FALSE
no,yes,1,216.6,FALSE
no,no,2,247.5,TRUE
no,no,1,228.1,FALSE
no,no,1,225.9,TRUE
no,no,4,103.5,TRUE
no,no,0,115.5,FALSE
no,no,1,218.8,FALSE
no,no,3,223.8,FALSE
no,no,3,143.8,FALSE
no,yes,2,29.9,FALSE
no,yes,0,276.7,FALSE
no,no,0,141.4,FALSE
no,yes,1,153.9,FALSE
no,no,0,190.5,FALSE
no,no,1,192.6,FALSE
yes,no,1,151.8,FALSE
no,no,5,215.6,FALSE
no,no,3,180,FALSE
no,no,2,157.3,FALSE
no,no,0,196.5,FALSE
no,no,0,240.3,FALSE
no,no,3,193.3,FALSE
no,yes,1,211.9,FALSE
yes,no,1,218.7,FALSE
yes,no,0,246.8,TRUE
no,no,6,174.7,TRUE
no,no,0,240,TRUE
no,yes,2,181.2,FALSE
no,no,1,113.7,FALSE
no,yes,0,174.7,FALSE
no,yes,2,211.1,FALSE
no,no,1,169.3,FALSE
no,no,0,247.4,FALSE
no,yes,2,131.2,FALSE
no,no,1,161.4,FALSE
yes,no,1,107.2,FALSE
no,yes,1,211.9,FALSE
no,no,3,160.4,FALSE
no,yes,1,230.7,FALSE
no,no,1,232.6,FALSE
no,no,1,294.7,TRUE
no,no,1,133.4,FALSE
no,yes,0,306.2,FALSE
no,no,2,236.8,FALSE
yes,yes,3,125.7,TRUE
yes,no,1,168.4,FALSE
no,no,2,70.9,FALSE
no,yes,0,105,FALSE
no,no,1,152.1,FALSE
yes,no,3,180.9,FALSE
no,yes,1,156.6,FALSE
no,yes,0,180.5,FALSE
no,yes,1,238.8,FALSE
no,yes,2,182.1,FALSE
no,yes,2,139.6,FALSE
no,yes,0,200.3,FALSE
no,no,1,153.5,FALSE
yes,yes,3,128.2,FALSE
no,no,2,159.5,FALSE
no,no,3,226.4,TRUE
no,no,2,251.9,FALSE
no,no,2,264.5,TRUE
no,no,0,153.7,FALSE
no,no,5,232.1,FALSE
no,no,1,201.9,FALSE
no,no,1,186.9,FALSE
no,yes,1,196.6,FALSE
no,no,1,232.1,FALSE
no,no,0,166,FALSE
no,yes,1,200.6,FALSE
no,yes,3,141,FALSE
no,yes,0,245,FALSE
yes,no,1,140.8,FALSE
no,no,3,255.1,TRUE
no,yes,2,125,FALSE
no,no,1,180.6,FALSE
yes,no,1,248.7,TRUE
no,yes,0,178.1,FALSE
yes,no,5,122.2,TRUE
no,no,1,231.3,FALSE
no,no,3,111.2,FALSE
yes,yes,0,103.2,TRUE
no,no,4,138.4,TRUE
no,no,0,146.3,FALSE
no,no,0,206.3,FALSE
no,no,0,132,FALSE
no,no,2,274.6,FALSE
no,no,0,185.3,FALSE
no,yes,1,154.8,FALSE
no,yes,1,179.2,FALSE
yes,no,2,286.2,TRUE
no,no,3,268,FALSE
no,no,2,137.5,FALSE
no,no,2,243,FALSE
no,no,1,134.9,FALSE
no,no,1,234.2,FALSE
no,no,1,175.1,FALSE
no,no,1,142.2,FALSE
no,no,2,132.4,FALSE
no,yes,0,97.8,FALSE
no,no,3,266.9,TRUE
no,yes,3,155.2,FALSE
no,no,1,200.2,FALSE
no,no,2,289.1,TRUE
yes,no,1,198.4,FALSE
no,no,2,180.3,FALSE
no,no,2,86.3,FALSE
no,no,2,295,TRUE
no,no,3,240.9,FALSE
no,no,1,207.7,FALSE
no,yes,1,128.5,FALSE
no,yes,1,224.4,FALSE
no,no,2,164.9,FALSE
no,no,2,238,FALSE
no,yes,2,231,FALSE
no,no,4,107.3,TRUE
no,no,1,185,FALSE
no,yes,3,244.1,FALSE
no,no,3,238.4,FALSE
no,yes,1,141.1,FALSE
no,no,0,158.1,FALSE
no,yes,0,220.1,FALSE
no,yes,4,199.5,TRUE
no,no,1,109.5,FALSE
no,no,1,187.2,FALSE
no,no,0,107.9,FALSE
yes,yes,1,172.1,TRUE
no,no,1,203.8,FALSE
no,no,0,160,FALSE
no,no,1,51.1,FALSE
no,no,1,227.7,FALSE
no,no,1,203.8,FALSE
no,yes,1,241.7,FALSE
no,no,1,78.1,FALSE
no,no,2,187.8,FALSE
no,yes,1,127.1,FALSE
no,no,0,280,TRUE
yes,no,1,153.2,FALSE
no,yes,2,137.1,FALSE
yes,no,4,186.1,TRUE
no,yes,2,224.1,FALSE
no,yes,1,83.6,FALSE
no,no,4,203.9,FALSE
no,no,1,211.3,FALSE
yes,no,4,219.4,FALSE
no,no,2,190.4,FALSE
no,no,2,147.7,FALSE
no,no,2,229.9,FALSE
no,no,1,102.8,FALSE
no,no,1,178.7,FALSE
no,yes,0,148.5,FALSE
no,yes,0,164.1,FALSE
yes,no,1,197.2,FALSE
no,no,2,124.9,FALSE
no,no,3,115.4,FALSE
yes,no,4,140,TRUE
no,no,3,193.9,FALSE
no,no,4,321.1,TRUE
no,no,5,118.4,TRUE
no,no,1,169.8,FALSE
no,no,2,193.4,FALSE
no,no,1,106.6,FALSE
no,no,2,134.7,FALSE
no,yes,2,156.2,FALSE
no,no,3,231.1,FALSE
no,no,2,180.8,FALSE
yes,no,2,213.8,FALSE
no,yes,0,234.4,FALSE
